"","BPS_ID","EVT_ID","freq","acres","GROUPVEG","bps_acres","EVT_PHYS","evt_acres"
"1",11,7292,43334,9637,"BPS  Open Water",9637,"EVT  Open Water",9637
"2",31,9018,2131,474,"BPS  Barren-Rock/Sand/Clay",6066,"EVT  Sparsely Vegetated",2762
"3",31,9023,24473,5443,"BPS  Barren-Rock/Sand/Clay",6066,"EVT  Sparsely Vegetated",6969
"4",31,9024,672,149,"BPS  Barren-Rock/Sand/Clay",6066,"EVT  Sparsely Vegetated",233
"5",1247,7141,1,0,"BPS  Sparse",421,"EVT  Grassland",1199813
"6",1247,7295,43,10,"BPS  Sparse",421,"EVT  Quarries-Strip Mines-Gravel Pits-Well and Wind Pads",4721
"7",1247,7299,1,0,"BPS  Sparse",421,"EVT  Developed-Roads",49986
"8",1247,7967,1,0,"BPS  Sparse",421,"EVT  Agricultural",205680
"9",1247,9018,1819,405,"BPS  Sparse",421,"EVT  Sparsely Vegetated",2762
"10",1247,9023,27,6,"BPS  Sparse",421,"EVT  Sparsely Vegetated",6969
"11",1248,7066,2,0,"BPS  Sparse",750,"EVT  Shrubland",14
"12",1248,7085,19,4,"BPS  Sparse",750,"EVT  Shrubland",246509
"13",1248,7086,2,0,"BPS  Sparse",750,"EVT  Shrubland",1517
"14",1248,7125,28,6,"BPS  Sparse",750,"EVT  Shrubland",139149
"15",1248,7132,1,0,"BPS  Sparse",750,"EVT  Grassland",622953
"16",1248,7141,96,21,"BPS  Sparse",750,"EVT  Grassland",1199813
"17",1248,7295,154,34,"BPS  Sparse",750,"EVT  Quarries-Strip Mines-Gravel Pits-Well and Wind Pads",4721
"18",1248,7296,2,0,"BPS  Sparse",750,"EVT  Developed-Low Intensity",9431
"19",1248,7297,6,1,"BPS  Sparse",750,"EVT  Developed-Medium Intensity",4589
"20",1248,7298,8,2,"BPS  Sparse",750,"EVT  Developed-High Intensity",1576
"21",1248,7299,11,2,"BPS  Sparse",750,"EVT  Developed-Roads",49986
"22",1248,7903,8,2,"BPS  Sparse",750,"EVT  Developed",13163
"23",1248,7904,18,4,"BPS  Sparse",750,"EVT  Developed",14680
"24",1248,7923,2,0,"BPS  Sparse",750,"EVT  Developed",1819
"25",1248,7924,2,0,"BPS  Sparse",750,"EVT  Developed",3161
"26",1248,7963,14,3,"BPS  Sparse",750,"EVT  Agricultural",10540
"27",1248,7964,1,0,"BPS  Sparse",750,"EVT  Agricultural",9717
"28",1248,7965,44,10,"BPS  Sparse",750,"EVT  Agricultural",94331
"29",1248,7966,48,11,"BPS  Sparse",750,"EVT  Agricultural",43439
"30",1248,7967,50,11,"BPS  Sparse",750,"EVT  Agricultural",205680
"31",1248,7968,4,1,"BPS  Sparse",750,"EVT  Agricultural",12992
"32",1248,9018,170,38,"BPS  Sparse",750,"EVT  Sparsely Vegetated",2762
"33",1248,9023,2532,563,"BPS  Sparse",750,"EVT  Sparsely Vegetated",6969
"34",1248,9024,149,33,"BPS  Sparse",750,"EVT  Sparsely Vegetated",233
"35",1248,9816,2,0,"BPS  Sparse",750,"EVT  Exotic Herbaceous",46250
"36",1249,7011,25092,5580,"BPS  Hardwood",27586,"EVT  Hardwood",18762
"37",1249,7048,2143,477,"BPS  Hardwood",27586,"EVT  Conifer",15802
"38",1249,7085,1746,388,"BPS  Hardwood",27586,"EVT  Shrubland",246509
"39",1249,7141,3436,764,"BPS  Hardwood",27586,"EVT  Grassland",1199813
"40",1249,7145,58,13,"BPS  Hardwood",27586,"EVT  Grassland",250
"41",1249,7179,86187,19168,"BPS  Hardwood",27586,"EVT  Conifer",1716387
"42",1249,7295,8,2,"BPS  Hardwood",27586,"EVT  Quarries-Strip Mines-Gravel Pits-Well and Wind Pads",4721
"43",1249,7296,35,8,"BPS  Hardwood",27586,"EVT  Developed-Low Intensity",9431
"44",1249,7297,12,3,"BPS  Hardwood",27586,"EVT  Developed-Medium Intensity",4589
"45",1249,7298,4,1,"BPS  Hardwood",27586,"EVT  Developed-High Intensity",1576
"46",1249,7299,468,104,"BPS  Hardwood",27586,"EVT  Developed-Roads",49986
"47",1249,7900,87,19,"BPS  Hardwood",27586,"EVT  Developed",1340
"48",1249,7901,138,31,"BPS  Hardwood",27586,"EVT  Developed",5238
"49",1249,7902,22,5,"BPS  Hardwood",27586,"EVT  Developed",598
"50",1249,7903,13,3,"BPS  Hardwood",27586,"EVT  Developed",13163
"51",1249,7904,197,44,"BPS  Hardwood",27586,"EVT  Developed",14680
"52",1249,7920,3,1,"BPS  Hardwood",27586,"EVT  Developed",34
"53",1249,7921,56,12,"BPS  Hardwood",27586,"EVT  Developed",1950
"54",1249,7923,22,5,"BPS  Hardwood",27586,"EVT  Developed",1819
"55",1249,7924,9,2,"BPS  Hardwood",27586,"EVT  Developed",3161
"56",1249,7963,2,0,"BPS  Hardwood",27586,"EVT  Agricultural",10540
"57",1249,7964,3,1,"BPS  Hardwood",27586,"EVT  Agricultural",9717
"58",1249,7965,95,21,"BPS  Hardwood",27586,"EVT  Agricultural",94331
"59",1249,7966,45,10,"BPS  Hardwood",27586,"EVT  Agricultural",43439
"60",1249,7967,195,43,"BPS  Hardwood",27586,"EVT  Agricultural",205680
"61",1249,7968,2,0,"BPS  Hardwood",27586,"EVT  Agricultural",12992
"62",1249,9019,15,3,"BPS  Hardwood",27586,"EVT  Riparian",19127
"63",1249,9328,1564,348,"BPS  Hardwood",27586,"EVT  Exotic Tree-Shrub",112507
"64",1249,9519,1,0,"BPS  Hardwood",27586,"EVT  Riparian",2919
"65",1249,9828,2384,530,"BPS  Hardwood",27586,"EVT  Exotic Herbaceous",39534
"66",1250,7011,6811,1515,"BPS  Conifer",88002,"EVT  Hardwood",18762
"67",1250,7013,8,2,"BPS  Conifer",88002,"EVT  Hardwood",231
"68",1250,7048,52876,11759,"BPS  Conifer",88002,"EVT  Conifer",15802
"69",1250,7085,8005,1780,"BPS  Conifer",88002,"EVT  Shrubland",246509
"70",1250,7125,2,0,"BPS  Conifer",88002,"EVT  Shrubland",139149
"71",1250,7141,9453,2102,"BPS  Conifer",88002,"EVT  Grassland",1199813
"72",1250,7145,35,8,"BPS  Conifer",88002,"EVT  Grassland",250
"73",1250,7179,297856,66242,"BPS  Conifer",88002,"EVT  Conifer",1716387
"74",1250,7295,212,47,"BPS  Conifer",88002,"EVT  Quarries-Strip Mines-Gravel Pits-Well and Wind Pads",4721
"75",1250,7296,654,145,"BPS  Conifer",88002,"EVT  Developed-Low Intensity",9431
"76",1250,7297,293,65,"BPS  Conifer",88002,"EVT  Developed-Medium Intensity",4589
"77",1250,7298,104,23,"BPS  Conifer",88002,"EVT  Developed-High Intensity",1576
"78",1250,7299,4869,1083,"BPS  Conifer",88002,"EVT  Developed-Roads",49986
"79",1250,7385,67,15,"BPS  Conifer",88002,"EVT  Riparian",34541
"80",1250,7396,12,3,"BPS  Conifer",88002,"EVT  Riparian",5907
"81",1250,7900,648,144,"BPS  Conifer",88002,"EVT  Developed",1340
"82",1250,7901,2649,589,"BPS  Conifer",88002,"EVT  Developed",5238
"83",1250,7902,182,40,"BPS  Conifer",88002,"EVT  Developed",598
"84",1250,7903,116,26,"BPS  Conifer",88002,"EVT  Developed",13163
"85",1250,7904,1016,226,"BPS  Conifer",88002,"EVT  Developed",14680
"86",1250,7920,2,0,"BPS  Conifer",88002,"EVT  Developed",34
"87",1250,7921,522,116,"BPS  Conifer",88002,"EVT  Developed",1950
"88",1250,7922,11,2,"BPS  Conifer",88002,"EVT  Developed",131
"89",1250,7923,135,30,"BPS  Conifer",88002,"EVT  Developed",1819
"90",1250,7924,57,13,"BPS  Conifer",88002,"EVT  Developed",3161
"91",1250,7963,5,1,"BPS  Conifer",88002,"EVT  Agricultural",10540
"92",1250,7964,3,1,"BPS  Conifer",88002,"EVT  Agricultural",9717
"93",1250,7965,90,20,"BPS  Conifer",88002,"EVT  Agricultural",94331
"94",1250,7966,33,7,"BPS  Conifer",88002,"EVT  Agricultural",43439
"95",1250,7967,473,105,"BPS  Conifer",88002,"EVT  Agricultural",205680
"96",1250,7968,7,2,"BPS  Conifer",88002,"EVT  Agricultural",12992
"97",1250,9017,99,22,"BPS  Conifer",88002,"EVT  Riparian",15832
"98",1250,9019,1138,253,"BPS  Conifer",88002,"EVT  Riparian",19127
"99",1250,9328,3701,823,"BPS  Conifer",88002,"EVT  Exotic Tree-Shrub",112507
"100",1250,9516,8,2,"BPS  Conifer",88002,"EVT  Riparian",30341
"101",1250,9519,87,19,"BPS  Conifer",88002,"EVT  Riparian",2919
"102",1250,9828,3463,770,"BPS  Conifer",88002,"EVT  Exotic Herbaceous",39534
"103",1251,7011,10,2,"BPS  Conifer",29,"EVT  Hardwood",18762
"104",1251,7049,1,0,"BPS  Conifer",29,"EVT  Conifer",1840
"105",1251,7085,3,1,"BPS  Conifer",29,"EVT  Shrubland",246509
"106",1251,7132,3,1,"BPS  Conifer",29,"EVT  Grassland",622953
"107",1251,7141,7,2,"BPS  Conifer",29,"EVT  Grassland",1199813
"108",1251,7179,95,21,"BPS  Conifer",29,"EVT  Conifer",1716387
"109",1251,7297,1,0,"BPS  Conifer",29,"EVT  Developed-Medium Intensity",4589
"110",1251,7966,2,0,"BPS  Conifer",29,"EVT  Agricultural",43439
"111",1251,7967,1,0,"BPS  Conifer",29,"EVT  Agricultural",205680
"112",1251,9028,1,0,"BPS  Conifer",29,"EVT  Riparian",15729
"113",1251,9316,4,1,"BPS  Conifer",29,"EVT  Exotic Tree-Shrub",18726
"114",1251,9328,3,1,"BPS  Conifer",29,"EVT  Exotic Tree-Shrub",112507
"115",1251,9529,1,0,"BPS  Conifer",29,"EVT  Riparian",19696
"116",1252,7011,2,0,"BPS  Conifer",14,"EVT  Hardwood",18762
"117",1252,7179,62,14,"BPS  Conifer",14,"EVT  Conifer",1716387
"118",1253,7011,314,70,"BPS  Conifer",1564,"EVT  Hardwood",18762
"119",1253,7048,16,4,"BPS  Conifer",1564,"EVT  Conifer",15802
"120",1253,7049,10,2,"BPS  Conifer",1564,"EVT  Conifer",1840
"121",1253,7085,673,150,"BPS  Conifer",1564,"EVT  Shrubland",246509
"122",1253,7086,28,6,"BPS  Conifer",1564,"EVT  Shrubland",1517
"123",1253,7094,2,0,"BPS  Conifer",1564,"EVT  Shrubland",11346
"124",1253,7125,241,54,"BPS  Conifer",1564,"EVT  Shrubland",139149
"125",1253,7132,4,1,"BPS  Conifer",1564,"EVT  Grassland",622953
"126",1253,7141,927,206,"BPS  Conifer",1564,"EVT  Grassland",1199813
"127",1253,7148,3,1,"BPS  Conifer",1564,"EVT  Grassland",14460
"128",1253,7179,4712,1048,"BPS  Conifer",1564,"EVT  Conifer",1716387
"129",1253,7207,2,0,"BPS  Conifer",1564,"EVT  Shrubland",14179
"130",1253,7295,9,2,"BPS  Conifer",1564,"EVT  Quarries-Strip Mines-Gravel Pits-Well and Wind Pads",4721
"131",1253,7296,2,0,"BPS  Conifer",1564,"EVT  Developed-Low Intensity",9431
"132",1253,7299,10,2,"BPS  Conifer",1564,"EVT  Developed-Roads",49986
"133",1253,7900,1,0,"BPS  Conifer",1564,"EVT  Developed",1340
"134",1253,7901,1,0,"BPS  Conifer",1564,"EVT  Developed",5238
"135",1253,7903,10,2,"BPS  Conifer",1564,"EVT  Developed",13163
"136",1253,7921,2,0,"BPS  Conifer",1564,"EVT  Developed",1950
"137",1253,7923,2,0,"BPS  Conifer",1564,"EVT  Developed",1819
"138",1253,7924,1,0,"BPS  Conifer",1564,"EVT  Developed",3161
"139",1253,7966,1,0,"BPS  Conifer",1564,"EVT  Agricultural",43439
"140",1253,7967,3,1,"BPS  Conifer",1564,"EVT  Agricultural",205680
"141",1253,9316,4,1,"BPS  Conifer",1564,"EVT  Exotic Tree-Shrub",18726
"142",1253,9328,43,10,"BPS  Conifer",1564,"EVT  Exotic Tree-Shrub",112507
"143",1253,9516,2,0,"BPS  Conifer",1564,"EVT  Riparian",30341
"144",1253,9816,2,0,"BPS  Conifer",1564,"EVT  Exotic Herbaceous",46250
"145",1253,9828,7,2,"BPS  Conifer",1564,"EVT  Exotic Herbaceous",39534
"146",1254,7048,5,1,"BPS  Conifer",3,"EVT  Conifer",15802
"147",1254,7085,1,0,"BPS  Conifer",3,"EVT  Shrubland",246509
"148",1254,7179,5,1,"BPS  Conifer",3,"EVT  Conifer",1716387
"149",1254,7921,1,0,"BPS  Conifer",3,"EVT  Developed",1950
"150",1257,7011,11969,2662,"BPS  Hardwood-Conifer",27216,"EVT  Hardwood",18762
"151",1257,7048,1102,245,"BPS  Hardwood-Conifer",27216,"EVT  Conifer",15802
"152",1257,7085,16733,3721,"BPS  Hardwood-Conifer",27216,"EVT  Shrubland",246509
"153",1257,7141,60028,13350,"BPS  Hardwood-Conifer",27216,"EVT  Grassland",1199813
"154",1257,7145,31,7,"BPS  Hardwood-Conifer",27216,"EVT  Grassland",250
"155",1257,7179,27185,6046,"BPS  Hardwood-Conifer",27216,"EVT  Conifer",1716387
"156",1257,7295,129,29,"BPS  Hardwood-Conifer",27216,"EVT  Quarries-Strip Mines-Gravel Pits-Well and Wind Pads",4721
"157",1257,7296,36,8,"BPS  Hardwood-Conifer",27216,"EVT  Developed-Low Intensity",9431
"158",1257,7297,6,1,"BPS  Hardwood-Conifer",27216,"EVT  Developed-Medium Intensity",4589
"159",1257,7298,2,0,"BPS  Hardwood-Conifer",27216,"EVT  Developed-High Intensity",1576
"160",1257,7299,143,32,"BPS  Hardwood-Conifer",27216,"EVT  Developed-Roads",49986
"161",1257,7900,2,0,"BPS  Hardwood-Conifer",27216,"EVT  Developed",1340
"162",1257,7901,24,5,"BPS  Hardwood-Conifer",27216,"EVT  Developed",5238
"163",1257,7903,16,4,"BPS  Hardwood-Conifer",27216,"EVT  Developed",13163
"164",1257,7904,48,11,"BPS  Hardwood-Conifer",27216,"EVT  Developed",14680
"165",1257,7920,5,1,"BPS  Hardwood-Conifer",27216,"EVT  Developed",34
"166",1257,7921,54,12,"BPS  Hardwood-Conifer",27216,"EVT  Developed",1950
"167",1257,7923,9,2,"BPS  Hardwood-Conifer",27216,"EVT  Developed",1819
"168",1257,7924,11,2,"BPS  Hardwood-Conifer",27216,"EVT  Developed",3161
"169",1257,7965,5,1,"BPS  Hardwood-Conifer",27216,"EVT  Agricultural",94331
"170",1257,7966,10,2,"BPS  Hardwood-Conifer",27216,"EVT  Agricultural",43439
"171",1257,7967,22,5,"BPS  Hardwood-Conifer",27216,"EVT  Agricultural",205680
"172",1257,7968,1,0,"BPS  Hardwood-Conifer",27216,"EVT  Agricultural",12992
"173",1257,9017,2,0,"BPS  Hardwood-Conifer",27216,"EVT  Riparian",15832
"174",1257,9019,1,0,"BPS  Hardwood-Conifer",27216,"EVT  Riparian",19127
"175",1257,9328,2673,594,"BPS  Hardwood-Conifer",27216,"EVT  Exotic Tree-Shrub",112507
"176",1257,9519,1,0,"BPS  Hardwood-Conifer",27216,"EVT  Riparian",2919
"177",1257,9828,2128,473,"BPS  Hardwood-Conifer",27216,"EVT  Exotic Herbaceous",39534
"178",1258,7295,39,9,"BPS  Shrubland",9,"EVT  Quarries-Strip Mines-Gravel Pits-Well and Wind Pads",4721
"179",1260,7295,1,0,"BPS  Shrubland",0,"EVT  Quarries-Strip Mines-Gravel Pits-Well and Wind Pads",4721
"180",1261,7049,65,14,"BPS  Shrubland",5868,"EVT  Conifer",1840
"181",1261,7085,108,24,"BPS  Shrubland",5868,"EVT  Shrubland",246509
"182",1261,7086,251,56,"BPS  Shrubland",5868,"EVT  Shrubland",1517
"183",1261,7094,2,0,"BPS  Shrubland",5868,"EVT  Shrubland",11346
"184",1261,7125,12076,2686,"BPS  Shrubland",5868,"EVT  Shrubland",139149
"185",1261,7132,82,18,"BPS  Shrubland",5868,"EVT  Grassland",622953
"186",1261,7141,7072,1573,"BPS  Shrubland",5868,"EVT  Grassland",1199813
"187",1261,7148,78,17,"BPS  Shrubland",5868,"EVT  Grassland",14460
"188",1261,7149,21,5,"BPS  Shrubland",5868,"EVT  Grassland",5886
"189",1261,7153,26,6,"BPS  Shrubland",5868,"EVT  Shrubland",29
"190",1261,7179,118,26,"BPS  Shrubland",5868,"EVT  Conifer",1716387
"191",1261,7295,1,0,"BPS  Shrubland",5868,"EVT  Quarries-Strip Mines-Gravel Pits-Well and Wind Pads",4721
"192",1261,7296,1,0,"BPS  Shrubland",5868,"EVT  Developed-Low Intensity",9431
"193",1261,7297,1,0,"BPS  Shrubland",5868,"EVT  Developed-Medium Intensity",4589
"194",1261,7299,73,16,"BPS  Shrubland",5868,"EVT  Developed-Roads",49986
"195",1261,7385,9,2,"BPS  Shrubland",5868,"EVT  Riparian",34541
"196",1261,7396,51,11,"BPS  Shrubland",5868,"EVT  Riparian",5907
"197",1261,7903,6,1,"BPS  Shrubland",5868,"EVT  Developed",13163
"198",1261,7904,3,1,"BPS  Shrubland",5868,"EVT  Developed",14680
"199",1261,7923,1,0,"BPS  Shrubland",5868,"EVT  Developed",1819
"200",1261,7924,2,0,"BPS  Shrubland",5868,"EVT  Developed",3161
"201",1261,7963,6,1,"BPS  Shrubland",5868,"EVT  Agricultural",10540
"202",1261,7965,180,40,"BPS  Shrubland",5868,"EVT  Agricultural",94331
"203",1261,7966,99,22,"BPS  Shrubland",5868,"EVT  Agricultural",43439
"204",1261,7967,3163,703,"BPS  Shrubland",5868,"EVT  Agricultural",205680
"205",1261,7968,25,6,"BPS  Shrubland",5868,"EVT  Agricultural",12992
"206",1261,9011,4,1,"BPS  Shrubland",5868,"EVT  Riparian",649
"207",1261,9017,30,7,"BPS  Shrubland",5868,"EVT  Riparian",15832
"208",1261,9019,2,0,"BPS  Shrubland",5868,"EVT  Riparian",19127
"209",1261,9316,2399,534,"BPS  Shrubland",5868,"EVT  Exotic Tree-Shrub",18726
"210",1261,9328,24,5,"BPS  Shrubland",5868,"EVT  Exotic Tree-Shrub",112507
"211",1261,9516,7,2,"BPS  Shrubland",5868,"EVT  Riparian",30341
"212",1261,9528,34,8,"BPS  Shrubland",5868,"EVT  Riparian",669
"213",1261,9529,34,8,"BPS  Shrubland",5868,"EVT  Riparian",19696
"214",1261,9816,328,73,"BPS  Shrubland",5868,"EVT  Exotic Herbaceous",46250
"215",1261,9828,3,1,"BPS  Shrubland",5868,"EVT  Exotic Herbaceous",39534
"216",1262,7011,9550,2124,"BPS  Shrubland",62585,"EVT  Hardwood",18762
"217",1262,7013,8,2,"BPS  Shrubland",62585,"EVT  Hardwood",231
"218",1262,7048,111,25,"BPS  Shrubland",62585,"EVT  Conifer",15802
"219",1262,7085,17517,3896,"BPS  Shrubland",62585,"EVT  Shrubland",246509
"220",1262,7125,63,14,"BPS  Shrubland",62585,"EVT  Shrubland",139149
"221",1262,7141,67453,15001,"BPS  Shrubland",62585,"EVT  Grassland",1199813
"222",1262,7145,52,12,"BPS  Shrubland",62585,"EVT  Grassland",250
"223",1262,7179,86407,19216,"BPS  Shrubland",62585,"EVT  Conifer",1716387
"224",1262,7295,678,151,"BPS  Shrubland",62585,"EVT  Quarries-Strip Mines-Gravel Pits-Well and Wind Pads",4721
"225",1262,7296,841,187,"BPS  Shrubland",62585,"EVT  Developed-Low Intensity",9431
"226",1262,7297,567,126,"BPS  Shrubland",62585,"EVT  Developed-Medium Intensity",4589
"227",1262,7298,204,45,"BPS  Shrubland",62585,"EVT  Developed-High Intensity",1576
"228",1262,7299,10598,2357,"BPS  Shrubland",62585,"EVT  Developed-Roads",49986
"229",1262,7385,3010,669,"BPS  Shrubland",62585,"EVT  Riparian",34541
"230",1262,7396,440,98,"BPS  Shrubland",62585,"EVT  Riparian",5907
"231",1262,7900,36,8,"BPS  Shrubland",62585,"EVT  Developed",1340
"232",1262,7901,1603,356,"BPS  Shrubland",62585,"EVT  Developed",5238
"233",1262,7902,23,5,"BPS  Shrubland",62585,"EVT  Developed",598
"234",1262,7903,303,67,"BPS  Shrubland",62585,"EVT  Developed",13163
"235",1262,7904,2769,616,"BPS  Shrubland",62585,"EVT  Developed",14680
"236",1262,7920,1,0,"BPS  Shrubland",62585,"EVT  Developed",34
"237",1262,7921,98,22,"BPS  Shrubland",62585,"EVT  Developed",1950
"238",1262,7922,48,11,"BPS  Shrubland",62585,"EVT  Developed",131
"239",1262,7923,290,64,"BPS  Shrubland",62585,"EVT  Developed",1819
"240",1262,7924,287,64,"BPS  Shrubland",62585,"EVT  Developed",3161
"241",1262,7963,83,18,"BPS  Shrubland",62585,"EVT  Agricultural",10540
"242",1262,7964,62,14,"BPS  Shrubland",62585,"EVT  Agricultural",9717
"243",1262,7965,1755,390,"BPS  Shrubland",62585,"EVT  Agricultural",94331
"244",1262,7966,1261,280,"BPS  Shrubland",62585,"EVT  Agricultural",43439
"245",1262,7967,5943,1322,"BPS  Shrubland",62585,"EVT  Agricultural",205680
"246",1262,7968,79,18,"BPS  Shrubland",62585,"EVT  Agricultural",12992
"247",1262,9017,25936,5768,"BPS  Shrubland",62585,"EVT  Riparian",15832
"248",1262,9019,12816,2850,"BPS  Shrubland",62585,"EVT  Riparian",19127
"249",1262,9316,6,1,"BPS  Shrubland",62585,"EVT  Exotic Tree-Shrub",18726
"250",1262,9328,13184,2932,"BPS  Shrubland",62585,"EVT  Exotic Tree-Shrub",112507
"251",1262,9516,10,2,"BPS  Shrubland",62585,"EVT  Riparian",30341
"252",1262,9519,5534,1231,"BPS  Shrubland",62585,"EVT  Riparian",2919
"253",1262,9828,11786,2621,"BPS  Shrubland",62585,"EVT  Exotic Herbaceous",39534
"254",1263,7011,600,133,"BPS  Shrubland",4061,"EVT  Hardwood",18762
"255",1263,7048,320,71,"BPS  Shrubland",4061,"EVT  Conifer",15802
"256",1263,7085,1231,274,"BPS  Shrubland",4061,"EVT  Shrubland",246509
"257",1263,7141,708,157,"BPS  Shrubland",4061,"EVT  Grassland",1199813
"258",1263,7145,3,1,"BPS  Shrubland",4061,"EVT  Grassland",250
"259",1263,7179,7646,1700,"BPS  Shrubland",4061,"EVT  Conifer",1716387
"260",1263,7295,1219,271,"BPS  Shrubland",4061,"EVT  Quarries-Strip Mines-Gravel Pits-Well and Wind Pads",4721
"261",1263,7296,39,9,"BPS  Shrubland",4061,"EVT  Developed-Low Intensity",9431
"262",1263,7297,19,4,"BPS  Shrubland",4061,"EVT  Developed-Medium Intensity",4589
"263",1263,7298,11,2,"BPS  Shrubland",4061,"EVT  Developed-High Intensity",1576
"264",1263,7299,280,62,"BPS  Shrubland",4061,"EVT  Developed-Roads",49986
"265",1263,7900,33,7,"BPS  Shrubland",4061,"EVT  Developed",1340
"266",1263,7901,44,10,"BPS  Shrubland",4061,"EVT  Developed",5238
"267",1263,7902,16,4,"BPS  Shrubland",4061,"EVT  Developed",598
"268",1263,7903,27,6,"BPS  Shrubland",4061,"EVT  Developed",13163
"269",1263,7904,114,25,"BPS  Shrubland",4061,"EVT  Developed",14680
"270",1263,7921,4,1,"BPS  Shrubland",4061,"EVT  Developed",1950
"271",1263,7922,1,0,"BPS  Shrubland",4061,"EVT  Developed",131
"272",1263,7923,14,3,"BPS  Shrubland",4061,"EVT  Developed",1819
"273",1263,7924,8,2,"BPS  Shrubland",4061,"EVT  Developed",3161
"274",1263,7964,4,1,"BPS  Shrubland",4061,"EVT  Agricultural",9717
"275",1263,7965,24,5,"BPS  Shrubland",4061,"EVT  Agricultural",94331
"276",1263,7966,26,6,"BPS  Shrubland",4061,"EVT  Agricultural",43439
"277",1263,7967,47,10,"BPS  Shrubland",4061,"EVT  Agricultural",205680
"278",1263,7968,3,1,"BPS  Shrubland",4061,"EVT  Agricultural",12992
"279",1263,9017,1211,269,"BPS  Shrubland",4061,"EVT  Riparian",15832
"280",1263,9019,931,207,"BPS  Shrubland",4061,"EVT  Riparian",19127
"281",1263,9328,1696,377,"BPS  Shrubland",4061,"EVT  Exotic Tree-Shrub",112507
"282",1263,9519,938,209,"BPS  Shrubland",4061,"EVT  Riparian",2919
"283",1263,9828,1045,232,"BPS  Shrubland",4061,"EVT  Exotic Herbaceous",39534
"284",1264,7085,115,26,"BPS  Conifer",70,"EVT  Shrubland",246509
"285",1264,7141,20,4,"BPS  Conifer",70,"EVT  Grassland",1199813
"286",1264,7179,127,28,"BPS  Conifer",70,"EVT  Conifer",1716387
"287",1264,7295,11,2,"BPS  Conifer",70,"EVT  Quarries-Strip Mines-Gravel Pits-Well and Wind Pads",4721
"288",1264,7923,2,0,"BPS  Conifer",70,"EVT  Developed",1819
"289",1264,7965,3,1,"BPS  Conifer",70,"EVT  Agricultural",94331
"290",1264,7966,2,0,"BPS  Conifer",70,"EVT  Agricultural",43439
"291",1264,7967,11,2,"BPS  Conifer",70,"EVT  Agricultural",205680
"292",1264,7968,1,0,"BPS  Conifer",70,"EVT  Agricultural",12992
"293",1264,9328,21,5,"BPS  Conifer",70,"EVT  Exotic Tree-Shrub",112507
"294",1265,7013,1,0,"BPS  Shrubland",64404,"EVT  Hardwood",231
"295",1265,7049,168,37,"BPS  Shrubland",64404,"EVT  Conifer",1840
"296",1265,7066,5,1,"BPS  Shrubland",64404,"EVT  Shrubland",14
"297",1265,7085,11062,2460,"BPS  Shrubland",64404,"EVT  Shrubland",246509
"298",1265,7086,144,32,"BPS  Shrubland",64404,"EVT  Shrubland",1517
"299",1265,7125,89580,19922,"BPS  Shrubland",64404,"EVT  Shrubland",139149
"300",1265,7126,2,0,"BPS  Shrubland",64404,"EVT  Shrubland",3
"301",1265,7132,61,14,"BPS  Shrubland",64404,"EVT  Grassland",622953
"302",1265,7141,150809,33539,"BPS  Shrubland",64404,"EVT  Grassland",1199813
"303",1265,7148,22,5,"BPS  Shrubland",64404,"EVT  Grassland",14460
"304",1265,7149,12,3,"BPS  Shrubland",64404,"EVT  Grassland",5886
"305",1265,7153,5,1,"BPS  Shrubland",64404,"EVT  Shrubland",29
"306",1265,7179,9127,2030,"BPS  Shrubland",64404,"EVT  Conifer",1716387
"307",1265,7207,11,2,"BPS  Shrubland",64404,"EVT  Shrubland",14179
"308",1265,7295,1497,333,"BPS  Shrubland",64404,"EVT  Quarries-Strip Mines-Gravel Pits-Well and Wind Pads",4721
"309",1265,7296,82,18,"BPS  Shrubland",64404,"EVT  Developed-Low Intensity",9431
"310",1265,7297,48,11,"BPS  Shrubland",64404,"EVT  Developed-Medium Intensity",4589
"311",1265,7298,13,3,"BPS  Shrubland",64404,"EVT  Developed-High Intensity",1576
"312",1265,7299,1035,230,"BPS  Shrubland",64404,"EVT  Developed-Roads",49986
"313",1265,7385,40,9,"BPS  Shrubland",64404,"EVT  Riparian",34541
"314",1265,7396,378,84,"BPS  Shrubland",64404,"EVT  Riparian",5907
"315",1265,7901,4,1,"BPS  Shrubland",64404,"EVT  Developed",5238
"316",1265,7903,147,33,"BPS  Shrubland",64404,"EVT  Developed",13163
"317",1265,7904,105,23,"BPS  Shrubland",64404,"EVT  Developed",14680
"318",1265,7921,2,0,"BPS  Shrubland",64404,"EVT  Developed",1950
"319",1265,7923,57,13,"BPS  Shrubland",64404,"EVT  Developed",1819
"320",1265,7924,77,17,"BPS  Shrubland",64404,"EVT  Developed",3161
"321",1265,7963,212,47,"BPS  Shrubland",64404,"EVT  Agricultural",10540
"322",1265,7964,39,9,"BPS  Shrubland",64404,"EVT  Agricultural",9717
"323",1265,7965,4401,979,"BPS  Shrubland",64404,"EVT  Agricultural",94331
"324",1265,7966,1206,268,"BPS  Shrubland",64404,"EVT  Agricultural",43439
"325",1265,7967,13742,3056,"BPS  Shrubland",64404,"EVT  Agricultural",205680
"326",1265,7968,93,21,"BPS  Shrubland",64404,"EVT  Agricultural",12992
"327",1265,9014,1,0,"BPS  Shrubland",64404,"EVT  Riparian",2
"328",1265,9015,4,1,"BPS  Shrubland",64404,"EVT  Riparian",23
"329",1265,9017,28,6,"BPS  Shrubland",64404,"EVT  Riparian",15832
"330",1265,9019,32,7,"BPS  Shrubland",64404,"EVT  Riparian",19127
"331",1265,9028,9,2,"BPS  Shrubland",64404,"EVT  Riparian",15729
"332",1265,9316,285,63,"BPS  Shrubland",64404,"EVT  Exotic Tree-Shrub",18726
"333",1265,9328,3756,835,"BPS  Shrubland",64404,"EVT  Exotic Tree-Shrub",112507
"334",1265,9515,1,0,"BPS  Shrubland",64404,"EVT  Riparian",2
"335",1265,9516,890,198,"BPS  Shrubland",64404,"EVT  Riparian",30341
"336",1265,9519,1,0,"BPS  Shrubland",64404,"EVT  Riparian",2919
"337",1265,9529,3,1,"BPS  Shrubland",64404,"EVT  Riparian",19696
"338",1265,9816,11,2,"BPS  Shrubland",64404,"EVT  Exotic Herbaceous",46250
"339",1265,9828,387,86,"BPS  Shrubland",64404,"EVT  Exotic Herbaceous",39534
"340",1266,7085,130,29,"BPS  Shrubland",114,"EVT  Shrubland",246509
"341",1266,7141,352,78,"BPS  Shrubland",114,"EVT  Grassland",1199813
"342",1266,7179,11,2,"BPS  Shrubland",114,"EVT  Conifer",1716387
"343",1266,7295,4,1,"BPS  Shrubland",114,"EVT  Quarries-Strip Mines-Gravel Pits-Well and Wind Pads",4721
"344",1266,7299,2,0,"BPS  Shrubland",114,"EVT  Developed-Roads",49986
"345",1266,7900,1,0,"BPS  Shrubland",114,"EVT  Developed",1340
"346",1266,7902,1,0,"BPS  Shrubland",114,"EVT  Developed",598
"347",1266,7903,1,0,"BPS  Shrubland",114,"EVT  Developed",13163
"348",1266,7904,4,1,"BPS  Shrubland",114,"EVT  Developed",14680
"349",1266,9328,7,2,"BPS  Shrubland",114,"EVT  Exotic Tree-Shrub",112507
"350",1267,7011,3065,682,"BPS  Grassland",71563,"EVT  Hardwood",18762
"351",1267,7013,2,0,"BPS  Grassland",71563,"EVT  Hardwood",231
"352",1267,7048,35,8,"BPS  Grassland",71563,"EVT  Conifer",15802
"353",1267,7085,32970,7332,"BPS  Grassland",71563,"EVT  Shrubland",246509
"354",1267,7125,146,32,"BPS  Grassland",71563,"EVT  Shrubland",139149
"355",1267,7141,83820,18641,"BPS  Grassland",71563,"EVT  Grassland",1199813
"356",1267,7145,25,6,"BPS  Grassland",71563,"EVT  Grassland",250
"357",1267,7179,51343,11418,"BPS  Grassland",71563,"EVT  Conifer",1716387
"358",1267,7295,213,47,"BPS  Grassland",71563,"EVT  Quarries-Strip Mines-Gravel Pits-Well and Wind Pads",4721
"359",1267,7296,827,184,"BPS  Grassland",71563,"EVT  Developed-Low Intensity",9431
"360",1267,7297,335,75,"BPS  Grassland",71563,"EVT  Developed-Medium Intensity",4589
"361",1267,7298,80,18,"BPS  Grassland",71563,"EVT  Developed-High Intensity",1576
"362",1267,7299,3383,752,"BPS  Grassland",71563,"EVT  Developed-Roads",49986
"363",1267,7385,460,102,"BPS  Grassland",71563,"EVT  Riparian",34541
"364",1267,7396,75,17,"BPS  Grassland",71563,"EVT  Riparian",5907
"365",1267,7900,46,10,"BPS  Grassland",71563,"EVT  Developed",1340
"366",1267,7901,103,23,"BPS  Grassland",71563,"EVT  Developed",5238
"367",1267,7902,31,7,"BPS  Grassland",71563,"EVT  Developed",598
"368",1267,7903,252,56,"BPS  Grassland",71563,"EVT  Developed",13163
"369",1267,7904,1662,370,"BPS  Grassland",71563,"EVT  Developed",14680
"370",1267,7921,111,25,"BPS  Grassland",71563,"EVT  Developed",1950
"371",1267,7922,7,2,"BPS  Grassland",71563,"EVT  Developed",131
"372",1267,7923,532,118,"BPS  Grassland",71563,"EVT  Developed",1819
"373",1267,7924,601,134,"BPS  Grassland",71563,"EVT  Developed",3161
"374",1267,7963,1419,316,"BPS  Grassland",71563,"EVT  Agricultural",10540
"375",1267,7964,155,34,"BPS  Grassland",71563,"EVT  Agricultural",9717
"376",1267,7965,21651,4815,"BPS  Grassland",71563,"EVT  Agricultural",94331
"377",1267,7966,6720,1494,"BPS  Grassland",71563,"EVT  Agricultural",43439
"378",1267,7967,34671,7711,"BPS  Grassland",71563,"EVT  Agricultural",205680
"379",1267,7968,248,55,"BPS  Grassland",71563,"EVT  Agricultural",12992
"380",1267,9017,3964,882,"BPS  Grassland",71563,"EVT  Riparian",15832
"381",1267,9019,2132,474,"BPS  Grassland",71563,"EVT  Riparian",19127
"382",1267,9316,1,0,"BPS  Grassland",71563,"EVT  Exotic Tree-Shrub",18726
"383",1267,9328,33870,7533,"BPS  Grassland",71563,"EVT  Exotic Tree-Shrub",112507
"384",1267,9516,69,15,"BPS  Grassland",71563,"EVT  Riparian",30341
"385",1267,9519,1235,275,"BPS  Grassland",71563,"EVT  Riparian",2919
"386",1267,9828,35527,7901,"BPS  Grassland",71563,"EVT  Exotic Herbaceous",39534
"387",1268,7011,42,9,"BPS  Grassland",1003,"EVT  Hardwood",18762
"388",1268,7085,35,8,"BPS  Grassland",1003,"EVT  Shrubland",246509
"389",1268,7141,426,95,"BPS  Grassland",1003,"EVT  Grassland",1199813
"390",1268,7179,1072,238,"BPS  Grassland",1003,"EVT  Conifer",1716387
"391",1268,7295,1,0,"BPS  Grassland",1003,"EVT  Quarries-Strip Mines-Gravel Pits-Well and Wind Pads",4721
"392",1268,7296,35,8,"BPS  Grassland",1003,"EVT  Developed-Low Intensity",9431
"393",1268,7297,10,2,"BPS  Grassland",1003,"EVT  Developed-Medium Intensity",4589
"394",1268,7298,1,0,"BPS  Grassland",1003,"EVT  Developed-High Intensity",1576
"395",1268,7299,272,60,"BPS  Grassland",1003,"EVT  Developed-Roads",49986
"396",1268,7385,31,7,"BPS  Grassland",1003,"EVT  Riparian",34541
"397",1268,7396,1,0,"BPS  Grassland",1003,"EVT  Riparian",5907
"398",1268,7900,425,95,"BPS  Grassland",1003,"EVT  Developed",1340
"399",1268,7901,770,171,"BPS  Grassland",1003,"EVT  Developed",5238
"400",1268,7902,194,43,"BPS  Grassland",1003,"EVT  Developed",598
"401",1268,7903,46,10,"BPS  Grassland",1003,"EVT  Developed",13163
"402",1268,7904,326,73,"BPS  Grassland",1003,"EVT  Developed",14680
"403",1268,7921,2,0,"BPS  Grassland",1003,"EVT  Developed",1950
"404",1268,7922,1,0,"BPS  Grassland",1003,"EVT  Developed",131
"405",1268,7923,1,0,"BPS  Grassland",1003,"EVT  Developed",1819
"406",1268,7924,4,1,"BPS  Grassland",1003,"EVT  Developed",3161
"407",1268,7964,3,1,"BPS  Grassland",1003,"EVT  Agricultural",9717
"408",1268,7965,2,0,"BPS  Grassland",1003,"EVT  Agricultural",94331
"409",1268,7966,3,1,"BPS  Grassland",1003,"EVT  Agricultural",43439
"410",1268,7967,32,7,"BPS  Grassland",1003,"EVT  Agricultural",205680
"411",1268,9017,248,55,"BPS  Grassland",1003,"EVT  Riparian",15832
"412",1268,9019,382,85,"BPS  Grassland",1003,"EVT  Riparian",19127
"413",1268,9328,37,8,"BPS  Grassland",1003,"EVT  Exotic Tree-Shrub",112507
"414",1268,9519,25,6,"BPS  Grassland",1003,"EVT  Riparian",2919
"415",1268,9828,82,18,"BPS  Grassland",1003,"EVT  Exotic Herbaceous",39534
"416",1269,7011,1216,270,"BPS  Grassland",1398599,"EVT  Hardwood",18762
"417",1269,7013,416,93,"BPS  Grassland",1398599,"EVT  Hardwood",231
"418",1269,7049,3162,703,"BPS  Grassland",1398599,"EVT  Conifer",1840
"419",1269,7066,46,10,"BPS  Grassland",1398599,"EVT  Shrubland",14
"420",1269,7081,2,0,"BPS  Grassland",1398599,"EVT  Shrubland",0
"421",1269,7085,573128,127461,"BPS  Grassland",1398599,"EVT  Shrubland",246509
"422",1269,7086,5529,1230,"BPS  Grassland",1398599,"EVT  Shrubland",1517
"423",1269,7094,732,163,"BPS  Grassland",1398599,"EVT  Shrubland",11346
"424",1269,7125,368933,82049,"BPS  Grassland",1398599,"EVT  Shrubland",139149
"425",1269,7126,3,1,"BPS  Grassland",1398599,"EVT  Shrubland",3
"426",1269,7132,83374,18542,"BPS  Grassland",1398599,"EVT  Grassland",622953
"427",1269,7141,3107282,691043,"BPS  Grassland",1398599,"EVT  Grassland",1199813
"428",1269,7145,8,2,"BPS  Grassland",1398599,"EVT  Grassland",250
"429",1269,7148,6721,1495,"BPS  Grassland",1398599,"EVT  Grassland",14460
"430",1269,7149,15001,3336,"BPS  Grassland",1398599,"EVT  Grassland",5886
"431",1269,7150,14,3,"BPS  Grassland",1398599,"EVT  Grassland",1541
"432",1269,7153,78,17,"BPS  Grassland",1398599,"EVT  Shrubland",29
"433",1269,7179,349032,77623,"BPS  Grassland",1398599,"EVT  Conifer",1716387
"434",1269,7207,1817,404,"BPS  Grassland",1398599,"EVT  Shrubland",14179
"435",1269,7295,6303,1402,"BPS  Grassland",1398599,"EVT  Quarries-Strip Mines-Gravel Pits-Well and Wind Pads",4721
"436",1269,7296,26288,5846,"BPS  Grassland",1398599,"EVT  Developed-Low Intensity",9431
"437",1269,7297,14090,3134,"BPS  Grassland",1398599,"EVT  Developed-Medium Intensity",4589
"438",1269,7298,4216,938,"BPS  Grassland",1398599,"EVT  Developed-High Intensity",1576
"439",1269,7299,110697,24618,"BPS  Grassland",1398599,"EVT  Developed-Roads",49986
"440",1269,7385,14163,3150,"BPS  Grassland",1398599,"EVT  Riparian",34541
"441",1269,7396,11851,2636,"BPS  Grassland",1398599,"EVT  Riparian",5907
"442",1269,7900,2769,616,"BPS  Grassland",1398599,"EVT  Developed",1340
"443",1269,7901,10066,2239,"BPS  Grassland",1398599,"EVT  Developed",5238
"444",1269,7902,1517,337,"BPS  Grassland",1398599,"EVT  Developed",598
"445",1269,7903,27520,6120,"BPS  Grassland",1398599,"EVT  Developed",13163
"446",1269,7904,42037,9349,"BPS  Grassland",1398599,"EVT  Developed",14680
"447",1269,7920,5,1,"BPS  Grassland",1398599,"EVT  Developed",34
"448",1269,7921,650,145,"BPS  Grassland",1398599,"EVT  Developed",1950
"449",1269,7922,157,35,"BPS  Grassland",1398599,"EVT  Developed",131
"450",1269,7923,4511,1003,"BPS  Grassland",1398599,"EVT  Developed",1819
"451",1269,7924,8234,1831,"BPS  Grassland",1398599,"EVT  Developed",3161
"452",1269,7963,21408,4761,"BPS  Grassland",1398599,"EVT  Agricultural",10540
"453",1269,7964,3306,735,"BPS  Grassland",1398599,"EVT  Agricultural",9717
"454",1269,7965,233734,51981,"BPS  Grassland",1398599,"EVT  Agricultural",94331
"455",1269,7966,61206,13612,"BPS  Grassland",1398599,"EVT  Agricultural",43439
"456",1269,7967,726748,161625,"BPS  Grassland",1398599,"EVT  Agricultural",205680
"457",1269,7968,13330,2965,"BPS  Grassland",1398599,"EVT  Agricultural",12992
"458",1269,9011,10,2,"BPS  Grassland",1398599,"EVT  Riparian",649
"459",1269,9014,2,0,"BPS  Grassland",1398599,"EVT  Riparian",2
"460",1269,9015,4,1,"BPS  Grassland",1398599,"EVT  Riparian",23
"461",1269,9017,17993,4002,"BPS  Grassland",1398599,"EVT  Riparian",15832
"462",1269,9018,765,170,"BPS  Grassland",1398599,"EVT  Sparsely Vegetated",2762
"463",1269,9019,15008,3338,"BPS  Grassland",1398599,"EVT  Riparian",19127
"464",1269,9023,3853,857,"BPS  Grassland",1398599,"EVT  Sparsely Vegetated",6969
"465",1269,9024,39,9,"BPS  Grassland",1398599,"EVT  Sparsely Vegetated",233
"466",1269,9025,11,2,"BPS  Grassland",1398599,"EVT  Riparian",78
"467",1269,9028,428,95,"BPS  Grassland",1398599,"EVT  Riparian",15729
"468",1269,9029,4,1,"BPS  Grassland",1398599,"EVT  Riparian",12
"469",1269,9316,19268,4285,"BPS  Grassland",1398599,"EVT  Exotic Tree-Shrub",18726
"470",1269,9328,215417,47908,"BPS  Grassland",1398599,"EVT  Exotic Tree-Shrub",112507
"471",1269,9513,1,0,"BPS  Grassland",1398599,"EVT  Riparian",1
"472",1269,9514,14,3,"BPS  Grassland",1398599,"EVT  Riparian",18
"473",1269,9515,4,1,"BPS  Grassland",1398599,"EVT  Riparian",2
"474",1269,9516,89913,19996,"BPS  Grassland",1398599,"EVT  Riparian",30341
"475",1269,9519,871,194,"BPS  Grassland",1398599,"EVT  Riparian",2919
"476",1269,9528,17,4,"BPS  Grassland",1398599,"EVT  Riparian",669
"477",1269,9529,159,35,"BPS  Grassland",1398599,"EVT  Riparian",19696
"478",1269,9816,2391,532,"BPS  Grassland",1398599,"EVT  Exotic Herbaceous",46250
"479",1269,9828,61344,13643,"BPS  Grassland",1398599,"EVT  Exotic Herbaceous",39534
"480",1270,7011,29,6,"BPS  Grassland",5301,"EVT  Hardwood",18762
"481",1270,7085,1322,294,"BPS  Grassland",5301,"EVT  Shrubland",246509
"482",1270,7125,1,0,"BPS  Grassland",5301,"EVT  Shrubland",139149
"483",1270,7141,7987,1776,"BPS  Grassland",5301,"EVT  Grassland",1199813
"484",1270,7179,2638,587,"BPS  Grassland",5301,"EVT  Conifer",1716387
"485",1270,7295,141,31,"BPS  Grassland",5301,"EVT  Quarries-Strip Mines-Gravel Pits-Well and Wind Pads",4721
"486",1270,7296,373,83,"BPS  Grassland",5301,"EVT  Developed-Low Intensity",9431
"487",1270,7297,81,18,"BPS  Grassland",5301,"EVT  Developed-Medium Intensity",4589
"488",1270,7298,14,3,"BPS  Grassland",5301,"EVT  Developed-High Intensity",1576
"489",1270,7299,1126,250,"BPS  Grassland",5301,"EVT  Developed-Roads",49986
"490",1270,7385,153,34,"BPS  Grassland",5301,"EVT  Riparian",34541
"491",1270,7396,36,8,"BPS  Grassland",5301,"EVT  Riparian",5907
"492",1270,7900,266,59,"BPS  Grassland",5301,"EVT  Developed",1340
"493",1270,7901,104,23,"BPS  Grassland",5301,"EVT  Developed",5238
"494",1270,7902,134,30,"BPS  Grassland",5301,"EVT  Developed",598
"495",1270,7903,554,123,"BPS  Grassland",5301,"EVT  Developed",13163
"496",1270,7904,1637,364,"BPS  Grassland",5301,"EVT  Developed",14680
"497",1270,7921,5,1,"BPS  Grassland",5301,"EVT  Developed",1950
"498",1270,7922,2,0,"BPS  Grassland",5301,"EVT  Developed",131
"499",1270,7923,39,9,"BPS  Grassland",5301,"EVT  Developed",1819
"500",1270,7924,70,16,"BPS  Grassland",5301,"EVT  Developed",3161
"501",1270,7963,6,1,"BPS  Grassland",5301,"EVT  Agricultural",10540
"502",1270,7964,28,6,"BPS  Grassland",5301,"EVT  Agricultural",9717
"503",1270,7965,166,37,"BPS  Grassland",5301,"EVT  Agricultural",94331
"504",1270,7966,84,19,"BPS  Grassland",5301,"EVT  Agricultural",43439
"505",1270,7967,1429,318,"BPS  Grassland",5301,"EVT  Agricultural",205680
"506",1270,7968,16,4,"BPS  Grassland",5301,"EVT  Agricultural",12992
"507",1270,9017,2934,653,"BPS  Grassland",5301,"EVT  Riparian",15832
"508",1270,9019,742,165,"BPS  Grassland",5301,"EVT  Riparian",19127
"509",1270,9328,812,181,"BPS  Grassland",5301,"EVT  Exotic Tree-Shrub",112507
"510",1270,9519,248,55,"BPS  Grassland",5301,"EVT  Riparian",2919
"511",1270,9828,657,146,"BPS  Grassland",5301,"EVT  Exotic Herbaceous",39534
"512",1271,7049,233,52,"BPS  Grassland",10886,"EVT  Conifer",1840
"513",1271,7085,334,74,"BPS  Grassland",10886,"EVT  Shrubland",246509
"514",1271,7086,143,32,"BPS  Grassland",10886,"EVT  Shrubland",1517
"515",1271,7094,3,1,"BPS  Grassland",10886,"EVT  Shrubland",11346
"516",1271,7125,2755,613,"BPS  Grassland",10886,"EVT  Shrubland",139149
"517",1271,7132,4827,1073,"BPS  Grassland",10886,"EVT  Grassland",622953
"518",1271,7141,27277,6066,"BPS  Grassland",10886,"EVT  Grassland",1199813
"519",1271,7148,861,191,"BPS  Grassland",10886,"EVT  Grassland",14460
"520",1271,7149,346,77,"BPS  Grassland",10886,"EVT  Grassland",5886
"521",1271,7153,6,1,"BPS  Grassland",10886,"EVT  Shrubland",29
"522",1271,7179,356,79,"BPS  Grassland",10886,"EVT  Conifer",1716387
"523",1271,7207,4,1,"BPS  Grassland",10886,"EVT  Shrubland",14179
"524",1271,7295,646,144,"BPS  Grassland",10886,"EVT  Quarries-Strip Mines-Gravel Pits-Well and Wind Pads",4721
"525",1271,7296,27,6,"BPS  Grassland",10886,"EVT  Developed-Low Intensity",9431
"526",1271,7297,5,1,"BPS  Grassland",10886,"EVT  Developed-Medium Intensity",4589
"527",1271,7299,445,99,"BPS  Grassland",10886,"EVT  Developed-Roads",49986
"528",1271,7385,6,1,"BPS  Grassland",10886,"EVT  Riparian",34541
"529",1271,7396,61,14,"BPS  Grassland",10886,"EVT  Riparian",5907
"530",1271,7901,41,9,"BPS  Grassland",10886,"EVT  Developed",5238
"531",1271,7902,3,1,"BPS  Grassland",10886,"EVT  Developed",598
"532",1271,7903,250,56,"BPS  Grassland",10886,"EVT  Developed",13163
"533",1271,7904,89,20,"BPS  Grassland",10886,"EVT  Developed",14680
"534",1271,7923,9,2,"BPS  Grassland",10886,"EVT  Developed",1819
"535",1271,7924,29,6,"BPS  Grassland",10886,"EVT  Developed",3161
"536",1271,7963,73,16,"BPS  Grassland",10886,"EVT  Agricultural",10540
"537",1271,7964,11,2,"BPS  Grassland",10886,"EVT  Agricultural",9717
"538",1271,7965,1788,398,"BPS  Grassland",10886,"EVT  Agricultural",94331
"539",1271,7966,463,103,"BPS  Grassland",10886,"EVT  Agricultural",43439
"540",1271,7967,5691,1266,"BPS  Grassland",10886,"EVT  Agricultural",205680
"541",1271,7968,56,12,"BPS  Grassland",10886,"EVT  Agricultural",12992
"542",1271,9011,9,2,"BPS  Grassland",10886,"EVT  Riparian",649
"543",1271,9017,1,0,"BPS  Grassland",10886,"EVT  Riparian",15832
"544",1271,9018,2,0,"BPS  Grassland",10886,"EVT  Sparsely Vegetated",2762
"545",1271,9019,9,2,"BPS  Grassland",10886,"EVT  Riparian",19127
"546",1271,9023,2,0,"BPS  Grassland",10886,"EVT  Sparsely Vegetated",6969
"547",1271,9024,25,6,"BPS  Grassland",10886,"EVT  Sparsely Vegetated",233
"548",1271,9028,1,0,"BPS  Grassland",10886,"EVT  Riparian",15729
"549",1271,9316,1231,274,"BPS  Grassland",10886,"EVT  Exotic Tree-Shrub",18726
"550",1271,9328,55,12,"BPS  Grassland",10886,"EVT  Exotic Tree-Shrub",112507
"551",1271,9514,1,0,"BPS  Grassland",10886,"EVT  Riparian",18
"552",1271,9516,320,71,"BPS  Grassland",10886,"EVT  Riparian",30341
"553",1271,9528,3,1,"BPS  Grassland",10886,"EVT  Riparian",669
"554",1271,9529,30,7,"BPS  Grassland",10886,"EVT  Riparian",19696
"555",1271,9816,393,87,"BPS  Grassland",10886,"EVT  Exotic Herbaceous",46250
"556",1271,9828,29,6,"BPS  Grassland",10886,"EVT  Exotic Herbaceous",39534
"557",1272,7011,1,0,"BPS  Grassland",2346,"EVT  Hardwood",18762
"558",1272,7085,750,167,"BPS  Grassland",2346,"EVT  Shrubland",246509
"559",1272,7094,10,2,"BPS  Grassland",2346,"EVT  Shrubland",11346
"560",1272,7125,1291,287,"BPS  Grassland",2346,"EVT  Shrubland",139149
"561",1272,7141,7822,1740,"BPS  Grassland",2346,"EVT  Grassland",1199813
"562",1272,7148,14,3,"BPS  Grassland",2346,"EVT  Grassland",14460
"563",1272,7149,27,6,"BPS  Grassland",2346,"EVT  Grassland",5886
"564",1272,7153,1,0,"BPS  Grassland",2346,"EVT  Shrubland",29
"565",1272,7179,87,19,"BPS  Grassland",2346,"EVT  Conifer",1716387
"566",1272,7295,1,0,"BPS  Grassland",2346,"EVT  Quarries-Strip Mines-Gravel Pits-Well and Wind Pads",4721
"567",1272,7296,1,0,"BPS  Grassland",2346,"EVT  Developed-Low Intensity",9431
"568",1272,7298,1,0,"BPS  Grassland",2346,"EVT  Developed-High Intensity",1576
"569",1272,7299,18,4,"BPS  Grassland",2346,"EVT  Developed-Roads",49986
"570",1272,7385,34,8,"BPS  Grassland",2346,"EVT  Riparian",34541
"571",1272,7396,54,12,"BPS  Grassland",2346,"EVT  Riparian",5907
"572",1272,7903,6,1,"BPS  Grassland",2346,"EVT  Developed",13163
"573",1272,7904,1,0,"BPS  Grassland",2346,"EVT  Developed",14680
"574",1272,7924,2,0,"BPS  Grassland",2346,"EVT  Developed",3161
"575",1272,7963,1,0,"BPS  Grassland",2346,"EVT  Agricultural",10540
"576",1272,7964,2,0,"BPS  Grassland",2346,"EVT  Agricultural",9717
"577",1272,7965,13,3,"BPS  Grassland",2346,"EVT  Agricultural",94331
"578",1272,7966,27,6,"BPS  Grassland",2346,"EVT  Agricultural",43439
"579",1272,7967,127,28,"BPS  Grassland",2346,"EVT  Agricultural",205680
"580",1272,7968,13,3,"BPS  Grassland",2346,"EVT  Agricultural",12992
"581",1272,9017,42,9,"BPS  Grassland",2346,"EVT  Riparian",15832
"582",1272,9019,81,18,"BPS  Grassland",2346,"EVT  Riparian",19127
"583",1272,9316,2,0,"BPS  Grassland",2346,"EVT  Exotic Tree-Shrub",18726
"584",1272,9328,62,14,"BPS  Grassland",2346,"EVT  Exotic Tree-Shrub",112507
"585",1272,9516,45,10,"BPS  Grassland",2346,"EVT  Riparian",30341
"586",1272,9519,5,1,"BPS  Grassland",2346,"EVT  Riparian",2919
"587",1272,9816,4,1,"BPS  Grassland",2346,"EVT  Exotic Herbaceous",46250
"588",1272,9828,5,1,"BPS  Grassland",2346,"EVT  Exotic Herbaceous",39534
"589",1273,7085,15,3,"BPS  Shrubland",1686,"EVT  Shrubland",246509
"590",1273,7125,11,2,"BPS  Shrubland",1686,"EVT  Shrubland",139149
"591",1273,7141,38,8,"BPS  Shrubland",1686,"EVT  Grassland",1199813
"592",1273,7179,1,0,"BPS  Shrubland",1686,"EVT  Conifer",1716387
"593",1273,7295,7451,1657,"BPS  Shrubland",1686,"EVT  Quarries-Strip Mines-Gravel Pits-Well and Wind Pads",4721
"594",1273,7296,13,3,"BPS  Shrubland",1686,"EVT  Developed-Low Intensity",9431
"595",1273,7297,4,1,"BPS  Shrubland",1686,"EVT  Developed-Medium Intensity",4589
"596",1273,7299,11,2,"BPS  Shrubland",1686,"EVT  Developed-Roads",49986
"597",1273,7903,1,0,"BPS  Shrubland",1686,"EVT  Developed",13163
"598",1273,7904,1,0,"BPS  Shrubland",1686,"EVT  Developed",14680
"599",1273,7923,1,0,"BPS  Shrubland",1686,"EVT  Developed",1819
"600",1273,7965,6,1,"BPS  Shrubland",1686,"EVT  Agricultural",94331
"601",1273,7966,16,4,"BPS  Shrubland",1686,"EVT  Agricultural",43439
"602",1273,7967,6,1,"BPS  Shrubland",1686,"EVT  Agricultural",205680
"603",1273,7968,1,0,"BPS  Shrubland",1686,"EVT  Agricultural",12992
"604",1273,9328,2,0,"BPS  Shrubland",1686,"EVT  Exotic Tree-Shrub",112507
"605",1273,9828,5,1,"BPS  Shrubland",1686,"EVT  Exotic Herbaceous",39534
"606",1274,7013,1,0,"BPS  Riparian",30425,"EVT  Hardwood",231
"607",1274,7048,73,16,"BPS  Riparian",30425,"EVT  Conifer",15802
"608",1274,7049,1117,248,"BPS  Riparian",30425,"EVT  Conifer",1840
"609",1274,7085,4290,954,"BPS  Riparian",30425,"EVT  Shrubland",246509
"610",1274,7086,60,13,"BPS  Riparian",30425,"EVT  Shrubland",1517
"611",1274,7094,25,6,"BPS  Riparian",30425,"EVT  Shrubland",11346
"612",1274,7125,7815,1738,"BPS  Riparian",30425,"EVT  Shrubland",139149
"613",1274,7132,1683,374,"BPS  Riparian",30425,"EVT  Grassland",622953
"614",1274,7141,13892,3090,"BPS  Riparian",30425,"EVT  Grassland",1199813
"615",1274,7145,2,0,"BPS  Riparian",30425,"EVT  Grassland",250
"616",1274,7148,157,35,"BPS  Riparian",30425,"EVT  Grassland",14460
"617",1274,7149,178,40,"BPS  Riparian",30425,"EVT  Grassland",5886
"618",1274,7150,4,1,"BPS  Riparian",30425,"EVT  Grassland",1541
"619",1274,7153,6,1,"BPS  Riparian",30425,"EVT  Shrubland",29
"620",1274,7179,52138,11595,"BPS  Riparian",30425,"EVT  Conifer",1716387
"621",1274,7207,5,1,"BPS  Riparian",30425,"EVT  Shrubland",14179
"622",1274,7295,7,2,"BPS  Riparian",30425,"EVT  Quarries-Strip Mines-Gravel Pits-Well and Wind Pads",4721
"623",1274,7296,122,27,"BPS  Riparian",30425,"EVT  Developed-Low Intensity",9431
"624",1274,7297,24,5,"BPS  Riparian",30425,"EVT  Developed-Medium Intensity",4589
"625",1274,7298,2,0,"BPS  Riparian",30425,"EVT  Developed-High Intensity",1576
"626",1274,7299,450,100,"BPS  Riparian",30425,"EVT  Developed-Roads",49986
"627",1274,7385,7508,1670,"BPS  Riparian",30425,"EVT  Riparian",34541
"628",1274,7396,3253,723,"BPS  Riparian",30425,"EVT  Riparian",5907
"629",1274,7900,8,2,"BPS  Riparian",30425,"EVT  Developed",1340
"630",1274,7901,41,9,"BPS  Riparian",30425,"EVT  Developed",5238
"631",1274,7902,4,1,"BPS  Riparian",30425,"EVT  Developed",598
"632",1274,7903,157,35,"BPS  Riparian",30425,"EVT  Developed",13163
"633",1274,7904,213,47,"BPS  Riparian",30425,"EVT  Developed",14680
"634",1274,7920,6,1,"BPS  Riparian",30425,"EVT  Developed",34
"635",1274,7921,31,7,"BPS  Riparian",30425,"EVT  Developed",1950
"636",1274,7922,31,7,"BPS  Riparian",30425,"EVT  Developed",131
"637",1274,7923,58,13,"BPS  Riparian",30425,"EVT  Developed",1819
"638",1274,7924,67,15,"BPS  Riparian",30425,"EVT  Developed",3161
"639",1274,7963,273,61,"BPS  Riparian",30425,"EVT  Agricultural",10540
"640",1274,7964,14,3,"BPS  Riparian",30425,"EVT  Agricultural",9717
"641",1274,7965,4532,1008,"BPS  Riparian",30425,"EVT  Agricultural",94331
"642",1274,7966,1355,301,"BPS  Riparian",30425,"EVT  Agricultural",43439
"643",1274,7967,10602,2358,"BPS  Riparian",30425,"EVT  Agricultural",205680
"644",1274,7968,146,32,"BPS  Riparian",30425,"EVT  Agricultural",12992
"645",1274,9011,136,30,"BPS  Riparian",30425,"EVT  Riparian",649
"646",1274,9015,15,3,"BPS  Riparian",30425,"EVT  Riparian",23
"647",1274,9017,3308,736,"BPS  Riparian",30425,"EVT  Riparian",15832
"648",1274,9019,6984,1553,"BPS  Riparian",30425,"EVT  Riparian",19127
"649",1274,9025,1,0,"BPS  Riparian",30425,"EVT  Riparian",78
"650",1274,9028,2454,546,"BPS  Riparian",30425,"EVT  Riparian",15729
"651",1274,9029,2,0,"BPS  Riparian",30425,"EVT  Riparian",12
"652",1274,9316,543,121,"BPS  Riparian",30425,"EVT  Exotic Tree-Shrub",18726
"653",1274,9328,3533,786,"BPS  Riparian",30425,"EVT  Exotic Tree-Shrub",112507
"654",1274,9516,7915,1760,"BPS  Riparian",30425,"EVT  Riparian",30341
"655",1274,9519,116,26,"BPS  Riparian",30425,"EVT  Riparian",2919
"656",1274,9528,92,20,"BPS  Riparian",30425,"EVT  Riparian",669
"657",1274,9529,928,206,"BPS  Riparian",30425,"EVT  Riparian",19696
"658",1274,9816,76,17,"BPS  Riparian",30425,"EVT  Exotic Herbaceous",46250
"659",1274,9828,352,78,"BPS  Riparian",30425,"EVT  Exotic Herbaceous",39534
"660",1276,7011,3,1,"BPS  Riparian",60508,"EVT  Hardwood",18762
"661",1276,7013,42,9,"BPS  Riparian",60508,"EVT  Hardwood",231
"662",1276,7049,524,117,"BPS  Riparian",60508,"EVT  Conifer",1840
"663",1276,7066,2,0,"BPS  Riparian",60508,"EVT  Shrubland",14
"664",1276,7085,9051,2013,"BPS  Riparian",60508,"EVT  Shrubland",246509
"665",1276,7086,19,4,"BPS  Riparian",60508,"EVT  Shrubland",1517
"666",1276,7094,8,2,"BPS  Riparian",60508,"EVT  Shrubland",11346
"667",1276,7125,20309,4517,"BPS  Riparian",60508,"EVT  Shrubland",139149
"668",1276,7126,1,0,"BPS  Riparian",60508,"EVT  Shrubland",3
"669",1276,7132,1194,266,"BPS  Riparian",60508,"EVT  Grassland",622953
"670",1276,7141,46922,10435,"BPS  Riparian",60508,"EVT  Grassland",1199813
"671",1276,7148,155,34,"BPS  Riparian",60508,"EVT  Grassland",14460
"672",1276,7149,248,55,"BPS  Riparian",60508,"EVT  Grassland",5886
"673",1276,7150,3,1,"BPS  Riparian",60508,"EVT  Grassland",1541
"674",1276,7153,6,1,"BPS  Riparian",60508,"EVT  Shrubland",29
"675",1276,7179,51131,11371,"BPS  Riparian",60508,"EVT  Conifer",1716387
"676",1276,7207,7,2,"BPS  Riparian",60508,"EVT  Shrubland",14179
"677",1276,7295,86,19,"BPS  Riparian",60508,"EVT  Quarries-Strip Mines-Gravel Pits-Well and Wind Pads",4721
"678",1276,7296,2293,510,"BPS  Riparian",60508,"EVT  Developed-Low Intensity",9431
"679",1276,7297,1044,232,"BPS  Riparian",60508,"EVT  Developed-Medium Intensity",4589
"680",1276,7298,284,63,"BPS  Riparian",60508,"EVT  Developed-High Intensity",1576
"681",1276,7299,6118,1361,"BPS  Riparian",60508,"EVT  Developed-Roads",49986
"682",1276,7385,8949,1990,"BPS  Riparian",60508,"EVT  Riparian",34541
"683",1276,7396,9235,2054,"BPS  Riparian",60508,"EVT  Riparian",5907
"684",1276,7900,342,76,"BPS  Riparian",60508,"EVT  Developed",1340
"685",1276,7901,554,123,"BPS  Riparian",60508,"EVT  Developed",5238
"686",1276,7902,147,33,"BPS  Riparian",60508,"EVT  Developed",598
"687",1276,7903,2013,448,"BPS  Riparian",60508,"EVT  Developed",13163
"688",1276,7904,4016,893,"BPS  Riparian",60508,"EVT  Developed",14680
"689",1276,7920,1,0,"BPS  Riparian",60508,"EVT  Developed",34
"690",1276,7921,91,20,"BPS  Riparian",60508,"EVT  Developed",1950
"691",1276,7922,138,31,"BPS  Riparian",60508,"EVT  Developed",131
"692",1276,7923,200,44,"BPS  Riparian",60508,"EVT  Developed",1819
"693",1276,7924,398,89,"BPS  Riparian",60508,"EVT  Developed",3161
"694",1276,7963,620,138,"BPS  Riparian",60508,"EVT  Agricultural",10540
"695",1276,7964,193,43,"BPS  Riparian",60508,"EVT  Agricultural",9717
"696",1276,7965,10837,2410,"BPS  Riparian",60508,"EVT  Agricultural",94331
"697",1276,7966,2594,577,"BPS  Riparian",60508,"EVT  Agricultural",43439
"698",1276,7967,32837,7303,"BPS  Riparian",60508,"EVT  Agricultural",205680
"699",1276,7968,404,90,"BPS  Riparian",60508,"EVT  Agricultural",12992
"700",1276,9011,28,6,"BPS  Riparian",60508,"EVT  Riparian",649
"701",1276,9014,5,1,"BPS  Riparian",60508,"EVT  Riparian",2
"702",1276,9015,23,5,"BPS  Riparian",60508,"EVT  Riparian",23
"703",1276,9017,4871,1083,"BPS  Riparian",60508,"EVT  Riparian",15832
"704",1276,9019,10268,2284,"BPS  Riparian",60508,"EVT  Riparian",19127
"705",1276,9023,1,0,"BPS  Riparian",60508,"EVT  Sparsely Vegetated",6969
"706",1276,9025,1,0,"BPS  Riparian",60508,"EVT  Riparian",78
"707",1276,9028,342,76,"BPS  Riparian",60508,"EVT  Riparian",15729
"708",1276,9316,199,44,"BPS  Riparian",60508,"EVT  Exotic Tree-Shrub",18726
"709",1276,9328,8731,1942,"BPS  Riparian",60508,"EVT  Exotic Tree-Shrub",112507
"710",1276,9513,3,1,"BPS  Riparian",60508,"EVT  Riparian",1
"711",1276,9514,14,3,"BPS  Riparian",60508,"EVT  Riparian",18
"712",1276,9515,4,1,"BPS  Riparian",60508,"EVT  Riparian",2
"713",1276,9516,32306,7185,"BPS  Riparian",60508,"EVT  Riparian",30341
"714",1276,9519,68,15,"BPS  Riparian",60508,"EVT  Riparian",2919
"715",1276,9528,21,5,"BPS  Riparian",60508,"EVT  Riparian",669
"716",1276,9529,492,109,"BPS  Riparian",60508,"EVT  Riparian",19696
"717",1276,9816,43,10,"BPS  Riparian",60508,"EVT  Exotic Herbaceous",46250
"718",1276,9828,1634,363,"BPS  Riparian",60508,"EVT  Exotic Herbaceous",39534
"719",1277,7011,22,5,"BPS  Conifer",25,"EVT  Hardwood",18762
"720",1277,7085,3,1,"BPS  Conifer",25,"EVT  Shrubland",246509
"721",1277,7179,69,15,"BPS  Conifer",25,"EVT  Conifer",1716387
"722",1277,7299,8,2,"BPS  Conifer",25,"EVT  Developed-Roads",49986
"723",1277,7900,2,0,"BPS  Conifer",25,"EVT  Developed",1340
"724",1277,7901,6,1,"BPS  Conifer",25,"EVT  Developed",5238
"725",1277,7904,1,0,"BPS  Conifer",25,"EVT  Developed",14680
"726",1277,9828,2,0,"BPS  Conifer",25,"EVT  Exotic Herbaceous",39534
"727",1278,7011,25600,5693,"BPS  Conifer",1200713,"EVT  Hardwood",18762
"728",1278,7013,457,102,"BPS  Conifer",1200713,"EVT  Hardwood",231
"729",1278,7048,14304,3181,"BPS  Conifer",1200713,"EVT  Conifer",15802
"730",1278,7085,243166,54079,"BPS  Conifer",1200713,"EVT  Shrubland",246509
"731",1278,7086,7,2,"BPS  Conifer",1200713,"EVT  Shrubland",1517
"732",1278,7125,3926,873,"BPS  Conifer",1200713,"EVT  Shrubland",139149
"733",1278,7132,36,8,"BPS  Conifer",1200713,"EVT  Grassland",622953
"734",1278,7141,306135,68083,"BPS  Conifer",1200713,"EVT  Grassland",1199813
"735",1278,7145,891,198,"BPS  Conifer",1200713,"EVT  Grassland",250
"736",1278,7150,3,1,"BPS  Conifer",1200713,"EVT  Grassland",1541
"737",1278,7179,4508777,1002729,"BPS  Conifer",1200713,"EVT  Conifer",1716387
"738",1278,7207,1,0,"BPS  Conifer",1200713,"EVT  Shrubland",14179
"739",1278,7295,1826,406,"BPS  Conifer",1200713,"EVT  Quarries-Strip Mines-Gravel Pits-Well and Wind Pads",4721
"740",1278,7296,2646,588,"BPS  Conifer",1200713,"EVT  Developed-Low Intensity",9431
"741",1278,7297,656,146,"BPS  Conifer",1200713,"EVT  Developed-Medium Intensity",4589
"742",1278,7298,210,47,"BPS  Conifer",1200713,"EVT  Developed-High Intensity",1576
"743",1278,7299,12501,2780,"BPS  Conifer",1200713,"EVT  Developed-Roads",49986
"744",1278,7385,8116,1805,"BPS  Conifer",1200713,"EVT  Riparian",34541
"745",1278,7396,1056,235,"BPS  Conifer",1200713,"EVT  Riparian",5907
"746",1278,7900,275,61,"BPS  Conifer",1200713,"EVT  Developed",1340
"747",1278,7901,3783,841,"BPS  Conifer",1200713,"EVT  Developed",5238
"748",1278,7902,118,26,"BPS  Conifer",1200713,"EVT  Developed",598
"749",1278,7903,165,37,"BPS  Conifer",1200713,"EVT  Developed",13163
"750",1278,7904,2490,554,"BPS  Conifer",1200713,"EVT  Developed",14680
"751",1278,7920,11,2,"BPS  Conifer",1200713,"EVT  Developed",34
"752",1278,7921,4117,916,"BPS  Conifer",1200713,"EVT  Developed",1950
"753",1278,7922,156,35,"BPS  Conifer",1200713,"EVT  Developed",131
"754",1278,7923,1067,237,"BPS  Conifer",1200713,"EVT  Developed",1819
"755",1278,7924,454,101,"BPS  Conifer",1200713,"EVT  Developed",3161
"756",1278,7963,256,57,"BPS  Conifer",1200713,"EVT  Agricultural",10540
"757",1278,7964,47,10,"BPS  Conifer",1200713,"EVT  Agricultural",9717
"758",1278,7965,3607,802,"BPS  Conifer",1200713,"EVT  Agricultural",94331
"759",1278,7966,2027,451,"BPS  Conifer",1200713,"EVT  Agricultural",43439
"760",1278,7967,12937,2877,"BPS  Conifer",1200713,"EVT  Agricultural",205680
"761",1278,7968,305,68,"BPS  Conifer",1200713,"EVT  Agricultural",12992
"762",1278,9015,4,1,"BPS  Conifer",1200713,"EVT  Riparian",23
"763",1278,9017,9448,2101,"BPS  Conifer",1200713,"EVT  Riparian",15832
"764",1278,9019,32305,7184,"BPS  Conifer",1200713,"EVT  Riparian",19127
"765",1278,9316,62,14,"BPS  Conifer",1200713,"EVT  Exotic Tree-Shrub",18726
"766",1278,9328,131947,29344,"BPS  Conifer",1200713,"EVT  Exotic Tree-Shrub",112507
"767",1278,9516,4329,963,"BPS  Conifer",1200713,"EVT  Riparian",30341
"768",1278,9519,3829,852,"BPS  Conifer",1200713,"EVT  Riparian",2919
"769",1278,9828,54968,12225,"BPS  Conifer",1200713,"EVT  Exotic Herbaceous",39534
"770",1279,7011,1,0,"BPS  Conifer",459611,"EVT  Hardwood",18762
"771",1279,7013,99,22,"BPS  Conifer",459611,"EVT  Hardwood",231
"772",1279,7048,1,0,"BPS  Conifer",459611,"EVT  Conifer",15802
"773",1279,7049,2986,664,"BPS  Conifer",459611,"EVT  Conifer",1840
"774",1279,7085,170658,37953,"BPS  Conifer",459611,"EVT  Shrubland",246509
"775",1279,7086,555,123,"BPS  Conifer",459611,"EVT  Shrubland",1517
"776",1279,7094,61,14,"BPS  Conifer",459611,"EVT  Shrubland",11346
"777",1279,7125,116053,25810,"BPS  Conifer",459611,"EVT  Shrubland",139149
"778",1279,7126,7,2,"BPS  Conifer",459611,"EVT  Shrubland",3
"779",1279,7132,5611,1248,"BPS  Conifer",459611,"EVT  Grassland",622953
"780",1279,7141,224129,49845,"BPS  Conifer",459611,"EVT  Grassland",1199813
"781",1279,7145,19,4,"BPS  Conifer",459611,"EVT  Grassland",250
"782",1279,7148,190,42,"BPS  Conifer",459611,"EVT  Grassland",14460
"783",1279,7149,54,12,"BPS  Conifer",459611,"EVT  Grassland",5886
"784",1279,7150,57,13,"BPS  Conifer",459611,"EVT  Grassland",1541
"785",1279,7153,3,1,"BPS  Conifer",459611,"EVT  Shrubland",29
"786",1279,7179,1416404,315001,"BPS  Conifer",459611,"EVT  Conifer",1716387
"787",1279,7207,86,19,"BPS  Conifer",459611,"EVT  Shrubland",14179
"788",1279,7295,546,121,"BPS  Conifer",459611,"EVT  Quarries-Strip Mines-Gravel Pits-Well and Wind Pads",4721
"789",1279,7296,2702,601,"BPS  Conifer",459611,"EVT  Developed-Low Intensity",9431
"790",1279,7297,782,174,"BPS  Conifer",459611,"EVT  Developed-Medium Intensity",4589
"791",1279,7298,1245,277,"BPS  Conifer",459611,"EVT  Developed-High Intensity",1576
"792",1279,7299,6524,1451,"BPS  Conifer",459611,"EVT  Developed-Roads",49986
"793",1279,7385,806,179,"BPS  Conifer",459611,"EVT  Riparian",34541
"794",1279,7396,31,7,"BPS  Conifer",459611,"EVT  Riparian",5907
"795",1279,7900,37,8,"BPS  Conifer",459611,"EVT  Developed",1340
"796",1279,7901,1964,437,"BPS  Conifer",459611,"EVT  Developed",5238
"797",1279,7902,36,8,"BPS  Conifer",459611,"EVT  Developed",598
"798",1279,7903,236,52,"BPS  Conifer",459611,"EVT  Developed",13163
"799",1279,7904,2049,456,"BPS  Conifer",459611,"EVT  Developed",14680
"800",1279,7920,2,0,"BPS  Conifer",459611,"EVT  Developed",34
"801",1279,7921,2838,631,"BPS  Conifer",459611,"EVT  Developed",1950
"802",1279,7922,5,1,"BPS  Conifer",459611,"EVT  Developed",131
"803",1279,7923,1150,256,"BPS  Conifer",459611,"EVT  Developed",1819
"804",1279,7924,375,83,"BPS  Conifer",459611,"EVT  Developed",3161
"805",1279,7963,216,48,"BPS  Conifer",459611,"EVT  Agricultural",10540
"806",1279,7964,35,8,"BPS  Conifer",459611,"EVT  Agricultural",9717
"807",1279,7965,1549,344,"BPS  Conifer",459611,"EVT  Agricultural",94331
"808",1279,7966,562,125,"BPS  Conifer",459611,"EVT  Agricultural",43439
"809",1279,7967,5236,1164,"BPS  Conifer",459611,"EVT  Agricultural",205680
"810",1279,7968,141,31,"BPS  Conifer",459611,"EVT  Agricultural",12992
"811",1279,9011,1,0,"BPS  Conifer",459611,"EVT  Riparian",649
"812",1279,9015,8,2,"BPS  Conifer",459611,"EVT  Riparian",23
"813",1279,9017,10,2,"BPS  Conifer",459611,"EVT  Riparian",15832
"814",1279,9018,7533,1675,"BPS  Conifer",459611,"EVT  Sparsely Vegetated",2762
"815",1279,9019,105,23,"BPS  Conifer",459611,"EVT  Riparian",19127
"816",1279,9023,86,19,"BPS  Conifer",459611,"EVT  Sparsely Vegetated",6969
"817",1279,9025,7,2,"BPS  Conifer",459611,"EVT  Riparian",78
"818",1279,9028,147,33,"BPS  Conifer",459611,"EVT  Riparian",15729
"819",1279,9316,6225,1384,"BPS  Conifer",459611,"EVT  Exotic Tree-Shrub",18726
"820",1279,9328,84442,18779,"BPS  Conifer",459611,"EVT  Exotic Tree-Shrub",112507
"821",1279,9516,35,8,"BPS  Conifer",459611,"EVT  Riparian",30341
"822",1279,9528,6,1,"BPS  Conifer",459611,"EVT  Riparian",669
"823",1279,9529,43,10,"BPS  Conifer",459611,"EVT  Riparian",19696
"824",1279,9816,93,21,"BPS  Conifer",459611,"EVT  Exotic Herbaceous",46250
"825",1279,9828,1865,415,"BPS  Conifer",459611,"EVT  Exotic Herbaceous",39534
"826",1280,7011,35,8,"BPS  Shrubland",2519,"EVT  Hardwood",18762
"827",1280,7048,68,15,"BPS  Shrubland",2519,"EVT  Conifer",15802
"828",1280,7085,241,54,"BPS  Shrubland",2519,"EVT  Shrubland",246509
"829",1280,7125,8,2,"BPS  Shrubland",2519,"EVT  Shrubland",139149
"830",1280,7141,1852,412,"BPS  Shrubland",2519,"EVT  Grassland",1199813
"831",1280,7145,2,0,"BPS  Shrubland",2519,"EVT  Grassland",250
"832",1280,7179,3801,845,"BPS  Shrubland",2519,"EVT  Conifer",1716387
"833",1280,7296,7,2,"BPS  Shrubland",2519,"EVT  Developed-Low Intensity",9431
"834",1280,7297,3,1,"BPS  Shrubland",2519,"EVT  Developed-Medium Intensity",4589
"835",1280,7299,30,7,"BPS  Shrubland",2519,"EVT  Developed-Roads",49986
"836",1280,7385,397,88,"BPS  Shrubland",2519,"EVT  Riparian",34541
"837",1280,7396,26,6,"BPS  Shrubland",2519,"EVT  Riparian",5907
"838",1280,7900,1,0,"BPS  Shrubland",2519,"EVT  Developed",1340
"839",1280,7901,12,3,"BPS  Shrubland",2519,"EVT  Developed",5238
"840",1280,7902,2,0,"BPS  Shrubland",2519,"EVT  Developed",598
"841",1280,7903,4,1,"BPS  Shrubland",2519,"EVT  Developed",13163
"842",1280,7904,20,4,"BPS  Shrubland",2519,"EVT  Developed",14680
"843",1280,7920,1,0,"BPS  Shrubland",2519,"EVT  Developed",34
"844",1280,7921,8,2,"BPS  Shrubland",2519,"EVT  Developed",1950
"845",1280,7922,7,2,"BPS  Shrubland",2519,"EVT  Developed",131
"846",1280,7923,8,2,"BPS  Shrubland",2519,"EVT  Developed",1819
"847",1280,7924,8,2,"BPS  Shrubland",2519,"EVT  Developed",3161
"848",1280,7964,1,0,"BPS  Shrubland",2519,"EVT  Agricultural",9717
"849",1280,7965,11,2,"BPS  Shrubland",2519,"EVT  Agricultural",94331
"850",1280,7966,12,3,"BPS  Shrubland",2519,"EVT  Agricultural",43439
"851",1280,7967,53,12,"BPS  Shrubland",2519,"EVT  Agricultural",205680
"852",1280,9017,1064,237,"BPS  Shrubland",2519,"EVT  Riparian",15832
"853",1280,9019,3054,679,"BPS  Shrubland",2519,"EVT  Riparian",19127
"854",1280,9328,309,69,"BPS  Shrubland",2519,"EVT  Exotic Tree-Shrub",112507
"855",1280,9516,25,6,"BPS  Shrubland",2519,"EVT  Riparian",30341
"856",1280,9519,165,37,"BPS  Shrubland",2519,"EVT  Riparian",2919
"857",1280,9828,91,20,"BPS  Shrubland",2519,"EVT  Exotic Herbaceous",39534
"858",1675,7085,1,0,"BPS  Hardwood",12525,"EVT  Shrubland",246509
"859",1675,7132,38935,8659,"BPS  Hardwood",12525,"EVT  Grassland",622953
"860",1675,7141,2720,605,"BPS  Hardwood",12525,"EVT  Grassland",1199813
"861",1675,7148,6151,1368,"BPS  Hardwood",12525,"EVT  Grassland",14460
"862",1675,7150,74,16,"BPS  Hardwood",12525,"EVT  Grassland",1541
"863",1675,7179,854,190,"BPS  Hardwood",12525,"EVT  Conifer",1716387
"864",1675,7207,44,10,"BPS  Hardwood",12525,"EVT  Shrubland",14179
"865",1675,7296,16,4,"BPS  Hardwood",12525,"EVT  Developed-Low Intensity",9431
"866",1675,7297,3,1,"BPS  Hardwood",12525,"EVT  Developed-Medium Intensity",4589
"867",1675,7299,882,196,"BPS  Hardwood",12525,"EVT  Developed-Roads",49986
"868",1675,7385,567,126,"BPS  Hardwood",12525,"EVT  Riparian",34541
"869",1675,7900,16,4,"BPS  Hardwood",12525,"EVT  Developed",1340
"870",1675,7901,2,0,"BPS  Hardwood",12525,"EVT  Developed",5238
"871",1675,7902,1,0,"BPS  Hardwood",12525,"EVT  Developed",598
"872",1675,7903,154,34,"BPS  Hardwood",12525,"EVT  Developed",13163
"873",1675,7904,18,4,"BPS  Hardwood",12525,"EVT  Developed",14680
"874",1675,7922,1,0,"BPS  Hardwood",12525,"EVT  Developed",131
"875",1675,7924,23,5,"BPS  Hardwood",12525,"EVT  Developed",3161
"876",1675,7963,141,31,"BPS  Hardwood",12525,"EVT  Agricultural",10540
"877",1675,7964,176,39,"BPS  Hardwood",12525,"EVT  Agricultural",9717
"878",1675,7965,715,159,"BPS  Hardwood",12525,"EVT  Agricultural",94331
"879",1675,7966,547,122,"BPS  Hardwood",12525,"EVT  Agricultural",43439
"880",1675,7967,1027,228,"BPS  Hardwood",12525,"EVT  Agricultural",205680
"881",1675,7968,114,25,"BPS  Hardwood",12525,"EVT  Agricultural",12992
"882",1675,9011,7,2,"BPS  Hardwood",12525,"EVT  Riparian",649
"883",1675,9025,11,2,"BPS  Hardwood",12525,"EVT  Riparian",78
"884",1675,9028,259,58,"BPS  Hardwood",12525,"EVT  Riparian",15729
"885",1675,9316,50,11,"BPS  Hardwood",12525,"EVT  Exotic Tree-Shrub",18726
"886",1675,9516,5,1,"BPS  Hardwood",12525,"EVT  Riparian",30341
"887",1675,9528,10,2,"BPS  Hardwood",12525,"EVT  Riparian",669
"888",1675,9529,523,116,"BPS  Hardwood",12525,"EVT  Riparian",19696
"889",1675,9816,2273,506,"BPS  Hardwood",12525,"EVT  Exotic Herbaceous",46250
"890",1677,7085,68,15,"BPS  Shrubland",682,"EVT  Shrubland",246509
"891",1677,7094,45,10,"BPS  Shrubland",682,"EVT  Shrubland",11346
"892",1677,7132,668,149,"BPS  Shrubland",682,"EVT  Grassland",622953
"893",1677,7141,277,62,"BPS  Shrubland",682,"EVT  Grassland",1199813
"894",1677,7150,18,4,"BPS  Shrubland",682,"EVT  Grassland",1541
"895",1677,7179,861,191,"BPS  Shrubland",682,"EVT  Conifer",1716387
"896",1677,7207,13,3,"BPS  Shrubland",682,"EVT  Shrubland",14179
"897",1677,7296,51,11,"BPS  Shrubland",682,"EVT  Developed-Low Intensity",9431
"898",1677,7297,29,6,"BPS  Shrubland",682,"EVT  Developed-Medium Intensity",4589
"899",1677,7298,8,2,"BPS  Shrubland",682,"EVT  Developed-High Intensity",1576
"900",1677,7299,52,12,"BPS  Shrubland",682,"EVT  Developed-Roads",49986
"901",1677,7385,6,1,"BPS  Shrubland",682,"EVT  Riparian",34541
"902",1677,7900,2,0,"BPS  Shrubland",682,"EVT  Developed",1340
"903",1677,7901,10,2,"BPS  Shrubland",682,"EVT  Developed",5238
"904",1677,7902,2,0,"BPS  Shrubland",682,"EVT  Developed",598
"905",1677,7903,154,34,"BPS  Shrubland",682,"EVT  Developed",13163
"906",1677,7904,38,8,"BPS  Shrubland",682,"EVT  Developed",14680
"907",1677,7920,1,0,"BPS  Shrubland",682,"EVT  Developed",34
"908",1677,7921,1,0,"BPS  Shrubland",682,"EVT  Developed",1950
"909",1677,7924,1,0,"BPS  Shrubland",682,"EVT  Developed",3161
"910",1677,7963,2,0,"BPS  Shrubland",682,"EVT  Agricultural",10540
"911",1677,7964,1,0,"BPS  Shrubland",682,"EVT  Agricultural",9717
"912",1677,7965,37,8,"BPS  Shrubland",682,"EVT  Agricultural",94331
"913",1677,7966,8,2,"BPS  Shrubland",682,"EVT  Agricultural",43439
"914",1677,7967,24,5,"BPS  Shrubland",682,"EVT  Agricultural",205680
"915",1677,7968,2,0,"BPS  Shrubland",682,"EVT  Agricultural",12992
"916",1677,9011,17,4,"BPS  Shrubland",682,"EVT  Riparian",649
"917",1677,9028,429,95,"BPS  Shrubland",682,"EVT  Riparian",15729
"918",1677,9316,8,2,"BPS  Shrubland",682,"EVT  Exotic Tree-Shrub",18726
"919",1677,9516,2,0,"BPS  Shrubland",682,"EVT  Riparian",30341
"920",1677,9528,32,7,"BPS  Shrubland",682,"EVT  Riparian",669
"921",1677,9529,196,44,"BPS  Shrubland",682,"EVT  Riparian",19696
"922",1677,9816,2,0,"BPS  Shrubland",682,"EVT  Exotic Herbaceous",46250
"923",1679,7049,1,0,"BPS  Shrubland",792,"EVT  Conifer",1840
"924",1679,7085,7,2,"BPS  Shrubland",792,"EVT  Shrubland",246509
"925",1679,7094,2,0,"BPS  Shrubland",792,"EVT  Shrubland",11346
"926",1679,7132,755,168,"BPS  Shrubland",792,"EVT  Grassland",622953
"927",1679,7141,647,144,"BPS  Shrubland",792,"EVT  Grassland",1199813
"928",1679,7148,4,1,"BPS  Shrubland",792,"EVT  Grassland",14460
"929",1679,7149,570,127,"BPS  Shrubland",792,"EVT  Grassland",5886
"930",1679,7150,3,1,"BPS  Shrubland",792,"EVT  Grassland",1541
"931",1679,7179,388,86,"BPS  Shrubland",792,"EVT  Conifer",1716387
"932",1679,7207,164,36,"BPS  Shrubland",792,"EVT  Shrubland",14179
"933",1679,7296,2,0,"BPS  Shrubland",792,"EVT  Developed-Low Intensity",9431
"934",1679,7297,1,0,"BPS  Shrubland",792,"EVT  Developed-Medium Intensity",4589
"935",1679,7299,107,24,"BPS  Shrubland",792,"EVT  Developed-Roads",49986
"936",1679,7385,4,1,"BPS  Shrubland",792,"EVT  Riparian",34541
"937",1679,7900,14,3,"BPS  Shrubland",792,"EVT  Developed",1340
"938",1679,7901,110,24,"BPS  Shrubland",792,"EVT  Developed",5238
"939",1679,7902,8,2,"BPS  Shrubland",792,"EVT  Developed",598
"940",1679,7903,248,55,"BPS  Shrubland",792,"EVT  Developed",13163
"941",1679,7904,256,57,"BPS  Shrubland",792,"EVT  Developed",14680
"942",1679,7924,1,0,"BPS  Shrubland",792,"EVT  Developed",3161
"943",1679,7963,4,1,"BPS  Shrubland",792,"EVT  Agricultural",10540
"944",1679,7964,4,1,"BPS  Shrubland",792,"EVT  Agricultural",9717
"945",1679,7965,57,13,"BPS  Shrubland",792,"EVT  Agricultural",94331
"946",1679,7966,1,0,"BPS  Shrubland",792,"EVT  Agricultural",43439
"947",1679,7967,17,4,"BPS  Shrubland",792,"EVT  Agricultural",205680
"948",1679,7968,7,2,"BPS  Shrubland",792,"EVT  Agricultural",12992
"949",1679,9011,3,1,"BPS  Shrubland",792,"EVT  Riparian",649
"950",1679,9028,48,11,"BPS  Shrubland",792,"EVT  Riparian",15729
"951",1679,9029,1,0,"BPS  Shrubland",792,"EVT  Riparian",12
"952",1679,9316,54,12,"BPS  Shrubland",792,"EVT  Exotic Tree-Shrub",18726
"953",1679,9528,2,0,"BPS  Shrubland",792,"EVT  Riparian",669
"954",1679,9529,59,13,"BPS  Shrubland",792,"EVT  Riparian",19696
"955",1679,9816,13,3,"BPS  Shrubland",792,"EVT  Exotic Herbaceous",46250
"956",1681,7085,33,7,"BPS  Grassland",109152,"EVT  Shrubland",246509
"957",1681,7094,127,28,"BPS  Grassland",109152,"EVT  Shrubland",11346
"958",1681,7125,4,1,"BPS  Grassland",109152,"EVT  Shrubland",139149
"959",1681,7132,149805,33316,"BPS  Grassland",109152,"EVT  Grassland",622953
"960",1681,7141,236097,52507,"BPS  Grassland",109152,"EVT  Grassland",1199813
"961",1681,7148,579,129,"BPS  Grassland",109152,"EVT  Grassland",14460
"962",1681,7149,39,9,"BPS  Grassland",109152,"EVT  Grassland",5886
"963",1681,7150,112,25,"BPS  Grassland",109152,"EVT  Grassland",1541
"964",1681,7179,2926,651,"BPS  Grassland",109152,"EVT  Conifer",1716387
"965",1681,7207,406,90,"BPS  Grassland",109152,"EVT  Shrubland",14179
"966",1681,7296,659,147,"BPS  Grassland",109152,"EVT  Developed-Low Intensity",9431
"967",1681,7297,343,76,"BPS  Grassland",109152,"EVT  Developed-Medium Intensity",4589
"968",1681,7298,133,30,"BPS  Grassland",109152,"EVT  Developed-High Intensity",1576
"969",1681,7299,8485,1887,"BPS  Grassland",109152,"EVT  Developed-Roads",49986
"970",1681,7385,1085,241,"BPS  Grassland",109152,"EVT  Riparian",34541
"971",1681,7900,17,4,"BPS  Grassland",109152,"EVT  Developed",1340
"972",1681,7901,7,2,"BPS  Grassland",109152,"EVT  Developed",5238
"973",1681,7903,3139,698,"BPS  Grassland",109152,"EVT  Developed",13163
"974",1681,7904,294,65,"BPS  Grassland",109152,"EVT  Developed",14680
"975",1681,7920,4,1,"BPS  Grassland",109152,"EVT  Developed",34
"976",1681,7921,14,3,"BPS  Grassland",109152,"EVT  Developed",1950
"977",1681,7922,3,1,"BPS  Grassland",109152,"EVT  Developed",131
"978",1681,7923,6,1,"BPS  Grassland",109152,"EVT  Developed",1819
"979",1681,7924,582,129,"BPS  Grassland",109152,"EVT  Developed",3161
"980",1681,7963,2961,659,"BPS  Grassland",109152,"EVT  Agricultural",10540
"981",1681,7964,3468,771,"BPS  Grassland",109152,"EVT  Agricultural",9717
"982",1681,7965,17424,3875,"BPS  Grassland",109152,"EVT  Agricultural",94331
"983",1681,7966,14376,3197,"BPS  Grassland",109152,"EVT  Agricultural",43439
"984",1681,7967,7823,1740,"BPS  Grassland",109152,"EVT  Agricultural",205680
"985",1681,7968,5337,1187,"BPS  Grassland",109152,"EVT  Agricultural",12992
"986",1681,9011,61,14,"BPS  Grassland",109152,"EVT  Riparian",649
"987",1681,9023,92,20,"BPS  Grassland",109152,"EVT  Sparsely Vegetated",6969
"988",1681,9024,85,19,"BPS  Grassland",109152,"EVT  Sparsely Vegetated",233
"989",1681,9025,25,6,"BPS  Grassland",109152,"EVT  Riparian",78
"990",1681,9028,243,54,"BPS  Grassland",109152,"EVT  Riparian",15729
"991",1681,9029,15,3,"BPS  Grassland",109152,"EVT  Riparian",12
"992",1681,9316,404,90,"BPS  Grassland",109152,"EVT  Exotic Tree-Shrub",18726
"993",1681,9514,2,0,"BPS  Grassland",109152,"EVT  Riparian",18
"994",1681,9516,14,3,"BPS  Grassland",109152,"EVT  Riparian",30341
"995",1681,9528,34,8,"BPS  Grassland",109152,"EVT  Riparian",669
"996",1681,9529,3288,731,"BPS  Grassland",109152,"EVT  Riparian",19696
"997",1681,9816,30253,6728,"BPS  Grassland",109152,"EVT  Exotic Herbaceous",46250
"998",1682,7066,10,2,"BPS  Grassland",270806,"EVT  Shrubland",14
"999",1682,7085,1195,266,"BPS  Grassland",270806,"EVT  Shrubland",246509
"1000",1682,7094,3642,810,"BPS  Grassland",270806,"EVT  Shrubland",11346
"1001",1682,7125,11,2,"BPS  Grassland",270806,"EVT  Shrubland",139149
"1002",1682,7132,292976,65156,"BPS  Grassland",270806,"EVT  Grassland",622953
"1003",1682,7141,620991,138105,"BPS  Grassland",270806,"EVT  Grassland",1199813
"1004",1682,7148,735,163,"BPS  Grassland",270806,"EVT  Grassland",14460
"1005",1682,7149,53,12,"BPS  Grassland",270806,"EVT  Grassland",5886
"1006",1682,7150,513,114,"BPS  Grassland",270806,"EVT  Grassland",1541
"1007",1682,7179,43597,9696,"BPS  Grassland",270806,"EVT  Conifer",1716387
"1008",1682,7207,6899,1534,"BPS  Grassland",270806,"EVT  Shrubland",14179
"1009",1682,7296,2026,451,"BPS  Grassland",270806,"EVT  Developed-Low Intensity",9431
"1010",1682,7297,1051,234,"BPS  Grassland",270806,"EVT  Developed-Medium Intensity",4589
"1011",1682,7298,231,51,"BPS  Grassland",270806,"EVT  Developed-High Intensity",1576
"1012",1682,7299,18332,4077,"BPS  Grassland",270806,"EVT  Developed-Roads",49986
"1013",1682,7385,7501,1668,"BPS  Grassland",270806,"EVT  Riparian",34541
"1014",1682,7900,154,34,"BPS  Grassland",270806,"EVT  Developed",1340
"1015",1682,7901,275,61,"BPS  Grassland",270806,"EVT  Developed",5238
"1016",1682,7902,50,11,"BPS  Grassland",270806,"EVT  Developed",598
"1017",1682,7903,7798,1734,"BPS  Grassland",270806,"EVT  Developed",13163
"1018",1682,7904,1746,388,"BPS  Grassland",270806,"EVT  Developed",14680
"1019",1682,7920,6,1,"BPS  Grassland",270806,"EVT  Developed",34
"1020",1682,7921,28,6,"BPS  Grassland",270806,"EVT  Developed",1950
"1021",1682,7922,3,1,"BPS  Grassland",270806,"EVT  Developed",131
"1022",1682,7923,20,4,"BPS  Grassland",270806,"EVT  Developed",1819
"1023",1682,7924,1175,261,"BPS  Grassland",270806,"EVT  Developed",3161
"1024",1682,7963,10741,2389,"BPS  Grassland",270806,"EVT  Agricultural",10540
"1025",1682,7964,13843,3079,"BPS  Grassland",270806,"EVT  Agricultural",9717
"1026",1682,7965,40308,8964,"BPS  Grassland",270806,"EVT  Agricultural",94331
"1027",1682,7966,39001,8674,"BPS  Grassland",270806,"EVT  Agricultural",43439
"1028",1682,7967,19225,4276,"BPS  Grassland",270806,"EVT  Agricultural",205680
"1029",1682,7968,16663,3706,"BPS  Grassland",270806,"EVT  Agricultural",12992
"1030",1682,9011,167,37,"BPS  Grassland",270806,"EVT  Riparian",649
"1031",1682,9023,196,44,"BPS  Grassland",270806,"EVT  Sparsely Vegetated",6969
"1032",1682,9024,55,12,"BPS  Grassland",270806,"EVT  Sparsely Vegetated",233
"1033",1682,9025,19,4,"BPS  Grassland",270806,"EVT  Riparian",78
"1034",1682,9028,1745,388,"BPS  Grassland",270806,"EVT  Riparian",15729
"1035",1682,9029,1,0,"BPS  Grassland",270806,"EVT  Riparian",12
"1036",1682,9316,3970,883,"BPS  Grassland",270806,"EVT  Exotic Tree-Shrub",18726
"1037",1682,9514,1,0,"BPS  Grassland",270806,"EVT  Riparian",18
"1038",1682,9516,30,7,"BPS  Grassland",270806,"EVT  Riparian",30341
"1039",1682,9528,193,43,"BPS  Grassland",270806,"EVT  Riparian",669
"1040",1682,9529,6073,1351,"BPS  Grassland",270806,"EVT  Riparian",19696
"1041",1682,9816,54434,12106,"BPS  Grassland",270806,"EVT  Exotic Herbaceous",46250
"1042",1683,7013,3,1,"BPS  Grassland",490701,"EVT  Hardwood",231
"1043",1683,7085,2184,486,"BPS  Grassland",490701,"EVT  Shrubland",246509
"1044",1683,7086,25,6,"BPS  Grassland",490701,"EVT  Shrubland",1517
"1045",1683,7094,4323,961,"BPS  Grassland",490701,"EVT  Shrubland",11346
"1046",1683,7125,228,51,"BPS  Grassland",490701,"EVT  Shrubland",139149
"1047",1683,7132,1529888,340239,"BPS  Grassland",490701,"EVT  Grassland",622953
"1048",1683,7141,160066,35598,"BPS  Grassland",490701,"EVT  Grassland",1199813
"1049",1683,7148,33519,7454,"BPS  Grassland",490701,"EVT  Grassland",14460
"1050",1683,7149,5806,1291,"BPS  Grassland",490701,"EVT  Grassland",5886
"1051",1683,7150,2778,618,"BPS  Grassland",490701,"EVT  Grassland",1541
"1052",1683,7179,152269,33864,"BPS  Grassland",490701,"EVT  Conifer",1716387
"1053",1683,7207,7370,1639,"BPS  Grassland",490701,"EVT  Shrubland",14179
"1054",1683,7295,1,0,"BPS  Grassland",490701,"EVT  Quarries-Strip Mines-Gravel Pits-Well and Wind Pads",4721
"1055",1683,7296,759,169,"BPS  Grassland",490701,"EVT  Developed-Low Intensity",9431
"1056",1683,7297,190,42,"BPS  Grassland",490701,"EVT  Developed-Medium Intensity",4589
"1057",1683,7298,25,6,"BPS  Grassland",490701,"EVT  Developed-High Intensity",1576
"1058",1683,7299,20837,4634,"BPS  Grassland",490701,"EVT  Developed-Roads",49986
"1059",1683,7385,35965,7998,"BPS  Grassland",490701,"EVT  Riparian",34541
"1060",1683,7900,115,26,"BPS  Grassland",490701,"EVT  Developed",1340
"1061",1683,7901,241,54,"BPS  Grassland",490701,"EVT  Developed",5238
"1062",1683,7902,40,9,"BPS  Grassland",490701,"EVT  Developed",598
"1063",1683,7903,6287,1398,"BPS  Grassland",490701,"EVT  Developed",13163
"1064",1683,7904,1313,292,"BPS  Grassland",490701,"EVT  Developed",14680
"1065",1683,7920,4,1,"BPS  Grassland",490701,"EVT  Developed",34
"1066",1683,7921,37,8,"BPS  Grassland",490701,"EVT  Developed",1950
"1067",1683,7922,8,2,"BPS  Grassland",490701,"EVT  Developed",131
"1068",1683,7923,9,2,"BPS  Grassland",490701,"EVT  Developed",1819
"1069",1683,7924,897,199,"BPS  Grassland",490701,"EVT  Developed",3161
"1070",1683,7963,4937,1098,"BPS  Grassland",490701,"EVT  Agricultural",10540
"1071",1683,7964,14194,3157,"BPS  Grassland",490701,"EVT  Agricultural",9717
"1072",1683,7965,46143,10262,"BPS  Grassland",490701,"EVT  Agricultural",94331
"1073",1683,7966,36834,8192,"BPS  Grassland",490701,"EVT  Agricultural",43439
"1074",1683,7967,25117,5586,"BPS  Grassland",490701,"EVT  Agricultural",205680
"1075",1683,7968,12319,2740,"BPS  Grassland",490701,"EVT  Agricultural",12992
"1076",1683,9011,436,97,"BPS  Grassland",490701,"EVT  Riparian",649
"1077",1683,9015,8,2,"BPS  Grassland",490701,"EVT  Riparian",23
"1078",1683,9023,33,7,"BPS  Grassland",490701,"EVT  Sparsely Vegetated",6969
"1079",1683,9024,13,3,"BPS  Grassland",490701,"EVT  Sparsely Vegetated",233
"1080",1683,9025,107,24,"BPS  Grassland",490701,"EVT  Riparian",78
"1081",1683,9028,6138,1365,"BPS  Grassland",490701,"EVT  Riparian",15729
"1082",1683,9029,2,0,"BPS  Grassland",490701,"EVT  Riparian",12
"1083",1683,9316,7914,1760,"BPS  Grassland",490701,"EVT  Exotic Tree-Shrub",18726
"1084",1683,9516,33,7,"BPS  Grassland",490701,"EVT  Riparian",30341
"1085",1683,9528,491,109,"BPS  Grassland",490701,"EVT  Riparian",669
"1086",1683,9529,6937,1543,"BPS  Grassland",490701,"EVT  Riparian",19696
"1087",1683,9816,79598,17702,"BPS  Grassland",490701,"EVT  Exotic Herbaceous",46250
"1088",1684,7049,2,0,"BPS  Grassland",91240,"EVT  Conifer",1840
"1089",1684,7085,451,100,"BPS  Grassland",91240,"EVT  Shrubland",246509
"1090",1684,7086,17,4,"BPS  Grassland",91240,"EVT  Shrubland",1517
"1091",1684,7094,2319,516,"BPS  Grassland",91240,"EVT  Shrubland",11346
"1092",1684,7125,460,102,"BPS  Grassland",91240,"EVT  Shrubland",139149
"1093",1684,7132,256848,57122,"BPS  Grassland",91240,"EVT  Grassland",622953
"1094",1684,7141,57534,12795,"BPS  Grassland",91240,"EVT  Grassland",1199813
"1095",1684,7148,10076,2241,"BPS  Grassland",91240,"EVT  Grassland",14460
"1096",1684,7149,3428,762,"BPS  Grassland",91240,"EVT  Grassland",5886
"1097",1684,7150,158,35,"BPS  Grassland",91240,"EVT  Grassland",1541
"1098",1684,7179,35234,7836,"BPS  Grassland",91240,"EVT  Conifer",1716387
"1099",1684,7207,2110,469,"BPS  Grassland",91240,"EVT  Shrubland",14179
"1100",1684,7296,400,89,"BPS  Grassland",91240,"EVT  Developed-Low Intensity",9431
"1101",1684,7297,109,24,"BPS  Grassland",91240,"EVT  Developed-Medium Intensity",4589
"1102",1684,7298,12,3,"BPS  Grassland",91240,"EVT  Developed-High Intensity",1576
"1103",1684,7299,3388,753,"BPS  Grassland",91240,"EVT  Developed-Roads",49986
"1104",1684,7385,7567,1683,"BPS  Grassland",91240,"EVT  Riparian",34541
"1105",1684,7900,59,13,"BPS  Grassland",91240,"EVT  Developed",1340
"1106",1684,7901,124,28,"BPS  Grassland",91240,"EVT  Developed",5238
"1107",1684,7902,21,5,"BPS  Grassland",91240,"EVT  Developed",598
"1108",1684,7903,3039,676,"BPS  Grassland",91240,"EVT  Developed",13163
"1109",1684,7904,1702,379,"BPS  Grassland",91240,"EVT  Developed",14680
"1110",1684,7920,2,0,"BPS  Grassland",91240,"EVT  Developed",34
"1111",1684,7921,11,2,"BPS  Grassland",91240,"EVT  Developed",1950
"1112",1684,7922,2,0,"BPS  Grassland",91240,"EVT  Developed",131
"1113",1684,7923,5,1,"BPS  Grassland",91240,"EVT  Developed",1819
"1114",1684,7924,155,34,"BPS  Grassland",91240,"EVT  Developed",3161
"1115",1684,7963,841,187,"BPS  Grassland",91240,"EVT  Agricultural",10540
"1116",1684,7964,597,133,"BPS  Grassland",91240,"EVT  Agricultural",9717
"1117",1684,7965,5349,1190,"BPS  Grassland",91240,"EVT  Agricultural",94331
"1118",1684,7966,5672,1261,"BPS  Grassland",91240,"EVT  Agricultural",43439
"1119",1684,7967,3095,688,"BPS  Grassland",91240,"EVT  Agricultural",205680
"1120",1684,7968,2225,495,"BPS  Grassland",91240,"EVT  Agricultural",12992
"1121",1684,9011,24,5,"BPS  Grassland",91240,"EVT  Riparian",649
"1122",1684,9015,1,0,"BPS  Grassland",91240,"EVT  Riparian",23
"1123",1684,9023,14,3,"BPS  Grassland",91240,"EVT  Sparsely Vegetated",6969
"1124",1684,9024,9,2,"BPS  Grassland",91240,"EVT  Sparsely Vegetated",233
"1125",1684,9025,1,0,"BPS  Grassland",91240,"EVT  Riparian",78
"1126",1684,9028,557,124,"BPS  Grassland",91240,"EVT  Riparian",15729
"1127",1684,9316,4193,933,"BPS  Grassland",91240,"EVT  Exotic Tree-Shrub",18726
"1128",1684,9516,4,1,"BPS  Grassland",91240,"EVT  Riparian",30341
"1129",1684,9528,69,15,"BPS  Grassland",91240,"EVT  Riparian",669
"1130",1684,9529,644,143,"BPS  Grassland",91240,"EVT  Riparian",19696
"1131",1684,9816,1733,385,"BPS  Grassland",91240,"EVT  Exotic Herbaceous",46250
"1132",1685,7132,3706,824,"BPS  Grassland",3058,"EVT  Grassland",622953
"1133",1685,7141,4472,995,"BPS  Grassland",3058,"EVT  Grassland",1199813
"1134",1685,7148,5,1,"BPS  Grassland",3058,"EVT  Grassland",14460
"1135",1685,7150,10,2,"BPS  Grassland",3058,"EVT  Grassland",1541
"1136",1685,7179,5,1,"BPS  Grassland",3058,"EVT  Conifer",1716387
"1137",1685,7296,4,1,"BPS  Grassland",3058,"EVT  Developed-Low Intensity",9431
"1138",1685,7297,3,1,"BPS  Grassland",3058,"EVT  Developed-Medium Intensity",4589
"1139",1685,7299,273,61,"BPS  Grassland",3058,"EVT  Developed-Roads",49986
"1140",1685,7385,4,1,"BPS  Grassland",3058,"EVT  Riparian",34541
"1141",1685,7901,2,0,"BPS  Grassland",3058,"EVT  Developed",5238
"1142",1685,7902,1,0,"BPS  Grassland",3058,"EVT  Developed",598
"1143",1685,7903,53,12,"BPS  Grassland",3058,"EVT  Developed",13163
"1144",1685,7904,15,3,"BPS  Grassland",3058,"EVT  Developed",14680
"1145",1685,7924,6,1,"BPS  Grassland",3058,"EVT  Developed",3161
"1146",1685,7963,22,5,"BPS  Grassland",3058,"EVT  Agricultural",10540
"1147",1685,7964,43,10,"BPS  Grassland",3058,"EVT  Agricultural",9717
"1148",1685,7965,166,37,"BPS  Grassland",3058,"EVT  Agricultural",94331
"1149",1685,7966,68,15,"BPS  Grassland",3058,"EVT  Agricultural",43439
"1150",1685,7967,905,201,"BPS  Grassland",3058,"EVT  Agricultural",205680
"1151",1685,7968,37,8,"BPS  Grassland",3058,"EVT  Agricultural",12992
"1152",1685,9011,2,0,"BPS  Grassland",3058,"EVT  Riparian",649
"1153",1685,9028,1,0,"BPS  Grassland",3058,"EVT  Riparian",15729
"1154",1685,9516,2,0,"BPS  Grassland",3058,"EVT  Riparian",30341
"1155",1685,9529,136,30,"BPS  Grassland",3058,"EVT  Riparian",19696
"1156",1685,9816,3810,847,"BPS  Grassland",3058,"EVT  Exotic Herbaceous",46250
"1157",1686,7085,130,29,"BPS  Riparian",98019,"EVT  Shrubland",246509
"1158",1686,7094,116,26,"BPS  Riparian",98019,"EVT  Shrubland",11346
"1159",1686,7125,5,1,"BPS  Riparian",98019,"EVT  Shrubland",139149
"1160",1686,7132,152880,34000,"BPS  Riparian",98019,"EVT  Grassland",622953
"1161",1686,7141,89249,19849,"BPS  Riparian",98019,"EVT  Grassland",1199813
"1162",1686,7148,2390,532,"BPS  Riparian",98019,"EVT  Grassland",14460
"1163",1686,7149,573,127,"BPS  Riparian",98019,"EVT  Grassland",5886
"1164",1686,7150,170,38,"BPS  Riparian",98019,"EVT  Grassland",1541
"1165",1686,7179,10337,2299,"BPS  Riparian",98019,"EVT  Conifer",1716387
"1166",1686,7207,261,58,"BPS  Riparian",98019,"EVT  Shrubland",14179
"1167",1686,7296,602,134,"BPS  Riparian",98019,"EVT  Developed-Low Intensity",9431
"1168",1686,7297,162,36,"BPS  Riparian",98019,"EVT  Developed-Medium Intensity",4589
"1169",1686,7298,14,3,"BPS  Riparian",98019,"EVT  Developed-High Intensity",1576
"1170",1686,7299,6977,1552,"BPS  Riparian",98019,"EVT  Developed-Roads",49986
"1171",1686,7385,4730,1052,"BPS  Riparian",98019,"EVT  Riparian",34541
"1172",1686,7900,409,91,"BPS  Riparian",98019,"EVT  Developed",1340
"1173",1686,7901,335,75,"BPS  Riparian",98019,"EVT  Developed",5238
"1174",1686,7902,54,12,"BPS  Riparian",98019,"EVT  Developed",598
"1175",1686,7903,3093,688,"BPS  Riparian",98019,"EVT  Developed",13163
"1176",1686,7904,677,151,"BPS  Riparian",98019,"EVT  Developed",14680
"1177",1686,7920,87,19,"BPS  Riparian",98019,"EVT  Developed",34
"1178",1686,7921,12,3,"BPS  Riparian",98019,"EVT  Developed",1950
"1179",1686,7922,4,1,"BPS  Riparian",98019,"EVT  Developed",131
"1180",1686,7923,5,1,"BPS  Riparian",98019,"EVT  Developed",1819
"1181",1686,7924,467,104,"BPS  Riparian",98019,"EVT  Developed",3161
"1182",1686,7963,1799,400,"BPS  Riparian",98019,"EVT  Agricultural",10540
"1183",1686,7964,3068,682,"BPS  Riparian",98019,"EVT  Agricultural",9717
"1184",1686,7965,13254,2948,"BPS  Riparian",98019,"EVT  Agricultural",94331
"1185",1686,7966,10486,2332,"BPS  Riparian",98019,"EVT  Agricultural",43439
"1186",1686,7967,7964,1771,"BPS  Riparian",98019,"EVT  Agricultural",205680
"1187",1686,7968,2418,538,"BPS  Riparian",98019,"EVT  Agricultural",12992
"1188",1686,9011,1415,315,"BPS  Riparian",98019,"EVT  Riparian",649
"1189",1686,9015,22,5,"BPS  Riparian",98019,"EVT  Riparian",23
"1190",1686,9023,27,6,"BPS  Riparian",98019,"EVT  Sparsely Vegetated",6969
"1191",1686,9024,2,0,"BPS  Riparian",98019,"EVT  Sparsely Vegetated",233
"1192",1686,9025,9,2,"BPS  Riparian",98019,"EVT  Riparian",78
"1193",1686,9028,40600,9029,"BPS  Riparian",98019,"EVT  Riparian",15729
"1194",1686,9029,8,2,"BPS  Riparian",98019,"EVT  Riparian",12
"1195",1686,9316,371,83,"BPS  Riparian",98019,"EVT  Exotic Tree-Shrub",18726
"1196",1686,9514,50,11,"BPS  Riparian",98019,"EVT  Riparian",18
"1197",1686,9516,422,94,"BPS  Riparian",98019,"EVT  Riparian",30341
"1198",1686,9528,673,150,"BPS  Riparian",98019,"EVT  Riparian",669
"1199",1686,9529,58167,12936,"BPS  Riparian",98019,"EVT  Riparian",19696
"1200",1686,9816,26250,5838,"BPS  Riparian",98019,"EVT  Exotic Herbaceous",46250
"1201",1687,7013,3,1,"BPS  Conifer",239089,"EVT  Hardwood",231
"1202",1687,7049,6,1,"BPS  Conifer",239089,"EVT  Conifer",1840
"1203",1687,7085,10196,2268,"BPS  Conifer",239089,"EVT  Shrubland",246509
"1204",1687,7086,37,8,"BPS  Conifer",239089,"EVT  Shrubland",1517
"1205",1687,7094,38355,8530,"BPS  Conifer",239089,"EVT  Shrubland",11346
"1206",1687,7125,1385,308,"BPS  Conifer",239089,"EVT  Shrubland",139149
"1207",1687,7132,262215,58315,"BPS  Conifer",239089,"EVT  Grassland",622953
"1208",1687,7141,76536,17021,"BPS  Conifer",239089,"EVT  Grassland",1199813
"1209",1687,7148,2600,578,"BPS  Conifer",239089,"EVT  Grassland",14460
"1210",1687,7149,87,19,"BPS  Conifer",239089,"EVT  Grassland",5886
"1211",1687,7150,2687,598,"BPS  Conifer",239089,"EVT  Grassland",1541
"1212",1687,7179,489512,108865,"BPS  Conifer",239089,"EVT  Conifer",1716387
"1213",1687,7207,40941,9105,"BPS  Conifer",239089,"EVT  Shrubland",14179
"1214",1687,7296,801,178,"BPS  Conifer",239089,"EVT  Developed-Low Intensity",9431
"1215",1687,7297,733,163,"BPS  Conifer",239089,"EVT  Developed-Medium Intensity",4589
"1216",1687,7298,261,58,"BPS  Conifer",239089,"EVT  Developed-High Intensity",1576
"1217",1687,7299,5885,1309,"BPS  Conifer",239089,"EVT  Developed-Roads",49986
"1218",1687,7385,42963,9555,"BPS  Conifer",239089,"EVT  Riparian",34541
"1219",1687,7900,209,46,"BPS  Conifer",239089,"EVT  Developed",1340
"1220",1687,7901,491,109,"BPS  Conifer",239089,"EVT  Developed",5238
"1221",1687,7902,77,17,"BPS  Conifer",239089,"EVT  Developed",598
"1222",1687,7903,3057,680,"BPS  Conifer",239089,"EVT  Developed",13163
"1223",1687,7904,920,205,"BPS  Conifer",239089,"EVT  Developed",14680
"1224",1687,7920,8,2,"BPS  Conifer",239089,"EVT  Developed",34
"1225",1687,7921,70,16,"BPS  Conifer",239089,"EVT  Developed",1950
"1226",1687,7922,4,1,"BPS  Conifer",239089,"EVT  Developed",131
"1227",1687,7923,24,5,"BPS  Conifer",239089,"EVT  Developed",1819
"1228",1687,7924,168,37,"BPS  Conifer",239089,"EVT  Developed",3161
"1229",1687,7963,1124,250,"BPS  Conifer",239089,"EVT  Agricultural",10540
"1230",1687,7964,4004,890,"BPS  Conifer",239089,"EVT  Agricultural",9717
"1231",1687,7965,13941,3100,"BPS  Conifer",239089,"EVT  Agricultural",94331
"1232",1687,7966,9098,2023,"BPS  Conifer",239089,"EVT  Agricultural",43439
"1233",1687,7967,4748,1056,"BPS  Conifer",239089,"EVT  Agricultural",205680
"1234",1687,7968,3921,872,"BPS  Conifer",239089,"EVT  Agricultural",12992
"1235",1687,9011,410,91,"BPS  Conifer",239089,"EVT  Riparian",649
"1236",1687,9015,14,3,"BPS  Conifer",239089,"EVT  Riparian",23
"1237",1687,9025,63,14,"BPS  Conifer",239089,"EVT  Riparian",78
"1238",1687,9028,13433,2987,"BPS  Conifer",239089,"EVT  Riparian",15729
"1239",1687,9029,10,2,"BPS  Conifer",239089,"EVT  Riparian",12
"1240",1687,9316,32099,7139,"BPS  Conifer",239089,"EVT  Exotic Tree-Shrub",18726
"1241",1687,9514,1,0,"BPS  Conifer",239089,"EVT  Riparian",18
"1242",1687,9516,17,4,"BPS  Conifer",239089,"EVT  Riparian",30341
"1243",1687,9528,1031,229,"BPS  Conifer",239089,"EVT  Riparian",669
"1244",1687,9529,5605,1247,"BPS  Conifer",239089,"EVT  Riparian",19696
"1245",1687,9816,5318,1183,"BPS  Conifer",239089,"EVT  Exotic Herbaceous",46250
"1246",1688,7085,841,187,"BPS  Shrubland",18185,"EVT  Shrubland",246509
"1247",1688,7086,2,0,"BPS  Shrubland",18185,"EVT  Shrubland",1517
"1248",1688,7094,1239,276,"BPS  Shrubland",18185,"EVT  Shrubland",11346
"1249",1688,7125,352,78,"BPS  Shrubland",18185,"EVT  Shrubland",139149
"1250",1688,7132,11030,2453,"BPS  Shrubland",18185,"EVT  Grassland",622953
"1251",1688,7141,17137,3811,"BPS  Shrubland",18185,"EVT  Grassland",1199813
"1252",1688,7148,562,125,"BPS  Shrubland",18185,"EVT  Grassland",14460
"1253",1688,7149,25,6,"BPS  Shrubland",18185,"EVT  Grassland",5886
"1254",1688,7150,293,65,"BPS  Shrubland",18185,"EVT  Grassland",1541
"1255",1688,7179,25261,5618,"BPS  Shrubland",18185,"EVT  Conifer",1716387
"1256",1688,7207,3602,801,"BPS  Shrubland",18185,"EVT  Shrubland",14179
"1257",1688,7296,35,8,"BPS  Shrubland",18185,"EVT  Developed-Low Intensity",9431
"1258",1688,7297,20,4,"BPS  Shrubland",18185,"EVT  Developed-Medium Intensity",4589
"1259",1688,7298,3,1,"BPS  Shrubland",18185,"EVT  Developed-High Intensity",1576
"1260",1688,7299,222,49,"BPS  Shrubland",18185,"EVT  Developed-Roads",49986
"1261",1688,7385,11084,2465,"BPS  Shrubland",18185,"EVT  Riparian",34541
"1262",1688,7900,27,6,"BPS  Shrubland",18185,"EVT  Developed",1340
"1263",1688,7901,46,10,"BPS  Shrubland",18185,"EVT  Developed",5238
"1264",1688,7902,3,1,"BPS  Shrubland",18185,"EVT  Developed",598
"1265",1688,7903,210,47,"BPS  Shrubland",18185,"EVT  Developed",13163
"1266",1688,7904,198,44,"BPS  Shrubland",18185,"EVT  Developed",14680
"1267",1688,7920,1,0,"BPS  Shrubland",18185,"EVT  Developed",34
"1268",1688,7922,1,0,"BPS  Shrubland",18185,"EVT  Developed",131
"1269",1688,7923,1,0,"BPS  Shrubland",18185,"EVT  Developed",1819
"1270",1688,7924,12,3,"BPS  Shrubland",18185,"EVT  Developed",3161
"1271",1688,7963,6,1,"BPS  Shrubland",18185,"EVT  Agricultural",10540
"1272",1688,7964,14,3,"BPS  Shrubland",18185,"EVT  Agricultural",9717
"1273",1688,7965,89,20,"BPS  Shrubland",18185,"EVT  Agricultural",94331
"1274",1688,7966,44,10,"BPS  Shrubland",18185,"EVT  Agricultural",43439
"1275",1688,7967,132,29,"BPS  Shrubland",18185,"EVT  Agricultural",205680
"1276",1688,7968,14,3,"BPS  Shrubland",18185,"EVT  Agricultural",12992
"1277",1688,9011,90,20,"BPS  Shrubland",18185,"EVT  Riparian",649
"1278",1688,9015,1,0,"BPS  Shrubland",18185,"EVT  Riparian",23
"1279",1688,9025,3,1,"BPS  Shrubland",18185,"EVT  Riparian",78
"1280",1688,9028,2145,477,"BPS  Shrubland",18185,"EVT  Riparian",15729
"1281",1688,9029,7,2,"BPS  Shrubland",18185,"EVT  Riparian",12
"1282",1688,9316,4883,1086,"BPS  Shrubland",18185,"EVT  Exotic Tree-Shrub",18726
"1283",1688,9516,12,3,"BPS  Shrubland",18185,"EVT  Riparian",30341
"1284",1688,9528,188,42,"BPS  Shrubland",18185,"EVT  Riparian",669
"1285",1688,9529,1615,359,"BPS  Shrubland",18185,"EVT  Riparian",19696
"1286",1688,9816,320,71,"BPS  Shrubland",18185,"EVT  Exotic Herbaceous",46250
"1287",1689,7132,1572,350,"BPS  Grassland",743,"EVT  Grassland",622953
"1288",1689,7141,288,64,"BPS  Grassland",743,"EVT  Grassland",1199813
"1289",1689,7148,181,40,"BPS  Grassland",743,"EVT  Grassland",14460
"1290",1689,7150,4,1,"BPS  Grassland",743,"EVT  Grassland",1541
"1291",1689,7179,22,5,"BPS  Grassland",743,"EVT  Conifer",1716387
"1292",1689,7207,1,0,"BPS  Grassland",743,"EVT  Shrubland",14179
"1293",1689,7296,5,1,"BPS  Grassland",743,"EVT  Developed-Low Intensity",9431
"1294",1689,7297,1,0,"BPS  Grassland",743,"EVT  Developed-Medium Intensity",4589
"1295",1689,7299,30,7,"BPS  Grassland",743,"EVT  Developed-Roads",49986
"1296",1689,7385,4,1,"BPS  Grassland",743,"EVT  Riparian",34541
"1297",1689,7903,18,4,"BPS  Grassland",743,"EVT  Developed",13163
"1298",1689,7904,3,1,"BPS  Grassland",743,"EVT  Developed",14680
"1299",1689,7924,4,1,"BPS  Grassland",743,"EVT  Developed",3161
"1300",1689,7963,23,5,"BPS  Grassland",743,"EVT  Agricultural",10540
"1301",1689,7964,19,4,"BPS  Grassland",743,"EVT  Agricultural",9717
"1302",1689,7965,257,57,"BPS  Grassland",743,"EVT  Agricultural",94331
"1303",1689,7966,149,33,"BPS  Grassland",743,"EVT  Agricultural",43439
"1304",1689,7967,133,30,"BPS  Grassland",743,"EVT  Agricultural",205680
"1305",1689,7968,17,4,"BPS  Grassland",743,"EVT  Agricultural",12992
"1306",1689,9011,16,4,"BPS  Grassland",743,"EVT  Riparian",649
"1307",1689,9025,18,4,"BPS  Grassland",743,"EVT  Riparian",78
"1308",1689,9028,43,10,"BPS  Grassland",743,"EVT  Riparian",15729
"1309",1689,9528,2,0,"BPS  Grassland",743,"EVT  Riparian",669
"1310",1689,9529,281,62,"BPS  Grassland",743,"EVT  Riparian",19696
"1311",1689,9816,249,55,"BPS  Grassland",743,"EVT  Exotic Herbaceous",46250
"1312",1691,7085,19,4,"BPS  Riparian",3376,"EVT  Shrubland",246509
"1313",1691,7094,6,1,"BPS  Riparian",3376,"EVT  Shrubland",11346
"1314",1691,7132,2962,659,"BPS  Riparian",3376,"EVT  Grassland",622953
"1315",1691,7141,1015,226,"BPS  Riparian",3376,"EVT  Grassland",1199813
"1316",1691,7148,15,3,"BPS  Riparian",3376,"EVT  Grassland",14460
"1317",1691,7150,27,6,"BPS  Riparian",3376,"EVT  Grassland",1541
"1318",1691,7179,100,22,"BPS  Riparian",3376,"EVT  Conifer",1716387
"1319",1691,7207,10,2,"BPS  Riparian",3376,"EVT  Shrubland",14179
"1320",1691,7296,20,4,"BPS  Riparian",3376,"EVT  Developed-Low Intensity",9431
"1321",1691,7297,4,1,"BPS  Riparian",3376,"EVT  Developed-Medium Intensity",4589
"1322",1691,7299,219,49,"BPS  Riparian",3376,"EVT  Developed-Roads",49986
"1323",1691,7385,83,18,"BPS  Riparian",3376,"EVT  Riparian",34541
"1324",1691,7900,24,5,"BPS  Riparian",3376,"EVT  Developed",1340
"1325",1691,7901,3,1,"BPS  Riparian",3376,"EVT  Developed",5238
"1326",1691,7902,1,0,"BPS  Riparian",3376,"EVT  Developed",598
"1327",1691,7903,87,19,"BPS  Riparian",3376,"EVT  Developed",13163
"1328",1691,7904,14,3,"BPS  Riparian",3376,"EVT  Developed",14680
"1329",1691,7920,4,1,"BPS  Riparian",3376,"EVT  Developed",34
"1330",1691,7921,2,0,"BPS  Riparian",3376,"EVT  Developed",1950
"1331",1691,7923,1,0,"BPS  Riparian",3376,"EVT  Developed",1819
"1332",1691,7924,26,6,"BPS  Riparian",3376,"EVT  Developed",3161
"1333",1691,7963,198,44,"BPS  Riparian",3376,"EVT  Agricultural",10540
"1334",1691,7964,354,79,"BPS  Riparian",3376,"EVT  Agricultural",9717
"1335",1691,7965,1929,429,"BPS  Riparian",3376,"EVT  Agricultural",94331
"1336",1691,7966,1240,276,"BPS  Riparian",3376,"EVT  Agricultural",43439
"1337",1691,7967,614,137,"BPS  Riparian",3376,"EVT  Agricultural",205680
"1338",1691,7968,471,105,"BPS  Riparian",3376,"EVT  Agricultural",12992
"1339",1691,9011,82,18,"BPS  Riparian",3376,"EVT  Riparian",649
"1340",1691,9015,1,0,"BPS  Riparian",3376,"EVT  Riparian",23
"1341",1691,9023,2,0,"BPS  Riparian",3376,"EVT  Sparsely Vegetated",6969
"1342",1691,9025,74,16,"BPS  Riparian",3376,"EVT  Riparian",78
"1343",1691,9028,1702,379,"BPS  Riparian",3376,"EVT  Riparian",15729
"1344",1691,9029,3,1,"BPS  Riparian",3376,"EVT  Riparian",12
"1345",1691,9316,27,6,"BPS  Riparian",3376,"EVT  Exotic Tree-Shrub",18726
"1346",1691,9516,13,3,"BPS  Riparian",3376,"EVT  Riparian",30341
"1347",1691,9528,112,25,"BPS  Riparian",3376,"EVT  Riparian",669
"1348",1691,9529,3348,745,"BPS  Riparian",3376,"EVT  Riparian",19696
"1349",1691,9816,366,81,"BPS  Riparian",3376,"EVT  Exotic Herbaceous",46250
