model_label,Model_Code,refLabel,refPercent,BpS_Name,Var1,Var2,Freq,BPS_CODE,ZONE,total_count,currentPercent
10110_20_29_A,10110_20_29,A,17,Rocky Mountain Aspen Forest and Woodland,1249,1,6294,10110,29,124042,5
10110_20_29_B,10110_20_29,B,18,Rocky Mountain Aspen Forest and Woodland,1249,2,8608,10110,29,124042,6
10110_20_29_C,10110_20_29,C,25,Rocky Mountain Aspen Forest and Woodland,1249,3,12704,10110,29,124042,10
10110_20_29_D,10110_20_29,D,26,Rocky Mountain Aspen Forest and Woodland,1249,4,64804,10110,29,124042,52
10110_20_29_E,10110_20_29,E,14,Rocky Mountain Aspen Forest and Woodland,1249,5,26268,10110,29,124042,21
10110_20_29_Agriculture,10110_20_29,Agriculture,0,Rocky Mountain Aspen Forest and Woodland,1249,180,342,10110,29,124042,0
10110_20_29_Developed,10110_20_29,Developed,0,Rocky Mountain Aspen Forest and Woodland,1249,120,1074,10110,29,124042,0
10110_20_29_Water,10110_20_29,Water,0,Rocky Mountain Aspen Forest and Woodland,NA,NA,NA,NA,NA,NA,NA
10110_20_29_UN,10110_20_29,UN,0,Rocky Mountain Aspen Forest and Woodland,NA,NA,NA,NA,NA,NA,NA
10110_20_29_UE,10110_20_29,UE,0,Rocky Mountain Aspen Forest and Woodland,1249,7,3948,10110,29,124042,3
10130_31_38_39_40_A,10130_31_38_39_40,A,18,Western Great Plains Dry Bur Oak Forest and Woodland,1675,1,1,10130,31,56320,0
10130_31_38_39_40_B,10130_31_38_39_40,B,17,Western Great Plains Dry Bur Oak Forest and Woodland,1675,2,699,10130,31,56320,1
10130_31_38_39_40_C,10130_31_38_39_40,C,35,Western Great Plains Dry Bur Oak Forest and Woodland,1675,3,978,10130,31,56320,1
10130_31_38_39_40_D,10130_31_38_39_40,D,30,Western Great Plains Dry Bur Oak Forest and Woodland,NA,NA,NA,NA,NA,NA,NA
10130_31_38_39_40_E,10130_31_38_39_40,E,NA,Western Great Plains Dry Bur Oak Forest and Woodland,NA,NA,NA,NA,NA,NA,NA
10130_31_38_39_40_Agriculture,10130_31_38_39_40,Agriculture,0,Western Great Plains Dry Bur Oak Forest and Woodland,1675,180,2720,10130,31,56320,4
10130_31_38_39_40_Developed,10130_31_38_39_40,Developed,0,Western Great Plains Dry Bur Oak Forest and Woodland,1675,120,1116,10130,31,56320,1
10130_31_38_39_40_Water,10130_31_38_39_40,Water,0,Western Great Plains Dry Bur Oak Forest and Woodland,NA,NA,NA,NA,NA,NA,NA
10130_31_38_39_40_UN,10130_31_38_39_40,UN,0,Western Great Plains Dry Bur Oak Forest and Woodland,1675,6,48483,10130,31,56320,86
10130_31_38_39_40_UE,10130_31_38_39_40,UE,0,Western Great Plains Dry Bur Oak Forest and Woodland,1675,7,2323,10130,31,56320,4
10480_29_A,10480_29,A,9,Northwestern Great Plains Highland White Spruce Woodland,1250,1,21706,10480,29,395702,5
10480_29_B,10480_29,B,8,Northwestern Great Plains Highland White Spruce Woodland,1250,2,11916,10480,29,395702,3
10480_29_C,10480_29,C,22,Northwestern Great Plains Highland White Spruce Woodland,1250,3,847,10480,29,395702,0
10480_29_D,10480_29,D,30,Northwestern Great Plains Highland White Spruce Woodland,1250,4,6110,10480,29,395702,1
10480_29_E,10480_29,E,31,Northwestern Great Plains Highland White Spruce Woodland,1250,5,335878,10480,29,395702,84
10480_29_Agriculture,10480_29,Agriculture,0,Northwestern Great Plains Highland White Spruce Woodland,1250,180,611,10480,29,395702,0
10480_29_Developed,10480_29,Developed,0,Northwestern Great Plains Highland White Spruce Woodland,1250,120,11470,10480,29,395702,2
10480_29_Water,10480_29,Water,0,Northwestern Great Plains Highland White Spruce Woodland,NA,NA,NA,NA,NA,NA,NA
10480_29_UN,10480_29,UN,0,Northwestern Great Plains Highland White Spruce Woodland,NA,NA,NA,NA,NA,NA,NA
10480_29_UE,10480_29,UE,0,Northwestern Great Plains Highland White Spruce Woodland,1250,7,7164,10480,29,395702,1
10490_19_20_21_23_28_29_A,10490_19_20_21_23_28_29,A,21,Rocky Mountain Foothill Limber Pine-Juniper Woodland,1251,1,16,10490,29,132,12
10490_19_20_21_23_28_29_B,10490_19_20_21_23_28_29,B,31,Rocky Mountain Foothill Limber Pine-Juniper Woodland,1251,2,74,10490,29,132,56
10490_19_20_21_23_28_29_C,10490_19_20_21_23_28_29,C,48,Rocky Mountain Foothill Limber Pine-Juniper Woodland,1251,3,31,10490,29,132,23
10490_19_20_21_23_28_29_D,10490_19_20_21_23_28_29,D,NA,Rocky Mountain Foothill Limber Pine-Juniper Woodland,NA,NA,NA,NA,NA,NA,NA
10490_19_20_21_23_28_29_E,10490_19_20_21_23_28_29,E,NA,Rocky Mountain Foothill Limber Pine-Juniper Woodland,NA,NA,NA,NA,NA,NA,NA
10490_19_20_21_23_28_29_Agriculture,10490_19_20_21_23_28_29,Agriculture,0,Rocky Mountain Foothill Limber Pine-Juniper Woodland,1251,180,3,10490,29,132,2
10490_19_20_21_23_28_29_Developed,10490_19_20_21_23_28_29,Developed,0,Rocky Mountain Foothill Limber Pine-Juniper Woodland,1251,120,1,10490,29,132,0
10490_19_20_21_23_28_29_Water,10490_19_20_21_23_28_29,Water,0,Rocky Mountain Foothill Limber Pine-Juniper Woodland,NA,NA,NA,NA,NA,NA,NA
10490_19_20_21_23_28_29_UN,10490_19_20_21_23_28_29,UN,0,Rocky Mountain Foothill Limber Pine-Juniper Woodland,NA,NA,NA,NA,NA,NA,NA
10490_19_20_21_23_28_29_UE,10490_19_20_21_23_28_29,UE,0,Rocky Mountain Foothill Limber Pine-Juniper Woodland,1251,7,7,10490,29,132,5
10510_29_A,10510_29,A,22,Southern Rocky Mountain Dry-Mesic Montane Mixed Conifer Forest and Woodland,NA,NA,NA,NA,NA,NA,NA
10510_29_B,10510_29,B,6,Southern Rocky Mountain Dry-Mesic Montane Mixed Conifer Forest and Woodland,NA,NA,NA,NA,NA,NA,NA
10510_29_C,10510_29,C,12,Southern Rocky Mountain Dry-Mesic Montane Mixed Conifer Forest and Woodland,NA,NA,NA,NA,NA,NA,NA
10510_29_D,10510_29,D,59,Southern Rocky Mountain Dry-Mesic Montane Mixed Conifer Forest and Woodland,1252,4,30,10510,29,64,46
10510_29_E,10510_29,E,1,Southern Rocky Mountain Dry-Mesic Montane Mixed Conifer Forest and Woodland,1252,5,33,10510,29,64,51
10510_29_Agriculture,10510_29,Agriculture,0,Southern Rocky Mountain Dry-Mesic Montane Mixed Conifer Forest and Woodland,NA,NA,NA,NA,NA,NA,NA
10510_29_Developed,10510_29,Developed,0,Southern Rocky Mountain Dry-Mesic Montane Mixed Conifer Forest and Woodland,NA,NA,NA,NA,NA,NA,NA
10510_29_Water,10510_29,Water,0,Southern Rocky Mountain Dry-Mesic Montane Mixed Conifer Forest and Woodland,NA,NA,NA,NA,NA,NA,NA
10510_29_UN,10510_29,UN,0,Southern Rocky Mountain Dry-Mesic Montane Mixed Conifer Forest and Woodland,1252,6,1,10510,29,64,1
10510_29_UE,10510_29,UE,0,Southern Rocky Mountain Dry-Mesic Montane Mixed Conifer Forest and Woodland,NA,NA,NA,NA,NA,NA,NA
10540_29_A,10540_29,A,6,Southern Rocky Mountain Ponderosa Pine Woodland,1253,1,945,10540,29,7032,13
10540_29_B,10540_29,B,19,Southern Rocky Mountain Ponderosa Pine Woodland,1253,2,1,10540,29,7032,0
10540_29_C,10540_29,C,13,Southern Rocky Mountain Ponderosa Pine Woodland,1253,3,345,10540,29,7032,4
10540_29_D,10540_29,D,53,Southern Rocky Mountain Ponderosa Pine Woodland,1253,4,4261,10540,29,7032,60
10540_29_E,10540_29,E,9,Southern Rocky Mountain Ponderosa Pine Woodland,1253,5,444,10540,29,7032,6
10540_29_Agriculture,10540_29,Agriculture,0,Southern Rocky Mountain Ponderosa Pine Woodland,1253,180,4,10540,29,7032,0
10540_29_Developed,10540_29,Developed,0,Southern Rocky Mountain Ponderosa Pine Woodland,1253,120,38,10540,29,7032,0
10540_29_Water,10540_29,Water,0,Southern Rocky Mountain Ponderosa Pine Woodland,NA,NA,NA,NA,NA,NA,NA
10540_29_UN,10540_29,UN,0,Southern Rocky Mountain Ponderosa Pine Woodland,1253,6,938,10540,29,7032,13
10540_29_UE,10540_29,UE,0,Southern Rocky Mountain Ponderosa Pine Woodland,1253,7,56,10540,29,7032,0
10550_29_A,10550_29,A,17,Rocky Mountain Subalpine Dry-Mesic Spruce-Fir Forest and Woodland,1254,1,1,10550,29,12,8
10550_29_B,10550_29,B,34,Rocky Mountain Subalpine Dry-Mesic Spruce-Fir Forest and Woodland,NA,NA,NA,NA,NA,NA,NA
10550_29_C,10550_29,C,8,Rocky Mountain Subalpine Dry-Mesic Spruce-Fir Forest and Woodland,NA,NA,NA,NA,NA,NA,NA
10550_29_D,10550_29,D,10,Rocky Mountain Subalpine Dry-Mesic Spruce-Fir Forest and Woodland,NA,NA,NA,NA,NA,NA,NA
10550_29_E,10550_29,E,31,Rocky Mountain Subalpine Dry-Mesic Spruce-Fir Forest and Woodland,1254,5,10,10550,29,12,83
10550_29_Agriculture,10550_29,Agriculture,0,Rocky Mountain Subalpine Dry-Mesic Spruce-Fir Forest and Woodland,NA,NA,NA,NA,NA,NA,NA
10550_29_Developed,10550_29,Developed,0,Rocky Mountain Subalpine Dry-Mesic Spruce-Fir Forest and Woodland,1254,120,1,10550,29,12,8
10550_29_Water,10550_29,Water,0,Rocky Mountain Subalpine Dry-Mesic Spruce-Fir Forest and Woodland,NA,NA,NA,NA,NA,NA,NA
10550_29_UN,10550_29,UN,0,Rocky Mountain Subalpine Dry-Mesic Spruce-Fir Forest and Woodland,NA,NA,NA,NA,NA,NA,NA
10550_29_UE,10550_29,UE,0,Rocky Mountain Subalpine Dry-Mesic Spruce-Fir Forest and Woodland,NA,NA,NA,NA,NA,NA,NA
10610_20_29_A,10610_20_29,A,9,Inter-Mountain Basins Aspen-Mixed Conifer Forest and Woodland,1257,1,76947,10610,29,122376,62
10610_20_29_B,10610_20_29,B,44,Inter-Mountain Basins Aspen-Mixed Conifer Forest and Woodland,1257,2,717,10610,29,122376,0
10610_20_29_C,10610_20_29,C,34,Inter-Mountain Basins Aspen-Mixed Conifer Forest and Woodland,1257,3,34547,10610,29,122376,28
10610_20_29_D,10610_20_29,D,13,Inter-Mountain Basins Aspen-Mixed Conifer Forest and Woodland,1257,4,4841,10610,29,122376,3
10610_20_29_E,10610_20_29,E,NA,Inter-Mountain Basins Aspen-Mixed Conifer Forest and Woodland,NA,NA,NA,NA,NA,NA,NA
10610_20_29_Agriculture,10610_20_29,Agriculture,0,Inter-Mountain Basins Aspen-Mixed Conifer Forest and Woodland,1257,180,38,10610,29,122376,0
10610_20_29_Developed,10610_20_29,Developed,0,Inter-Mountain Basins Aspen-Mixed Conifer Forest and Woodland,1257,120,485,10610,29,122376,0
10610_20_29_Water,10610_20_29,Water,0,Inter-Mountain Basins Aspen-Mixed Conifer Forest and Woodland,NA,NA,NA,NA,NA,NA,NA
10610_20_29_UN,10610_20_29,UN,0,Inter-Mountain Basins Aspen-Mixed Conifer Forest and Woodland,NA,NA,NA,NA,NA,NA,NA
10610_20_29_UE,10610_20_29,UE,0,Inter-Mountain Basins Aspen-Mixed Conifer Forest and Woodland,1257,7,4801,10610,29,122376,3
10620_10_19_21_29_31_A,10620_10_19_21_29_31,A,8,Inter-Mountain Basins Curl-leaf Mountain Mahogany Woodland and Shrubland,NA,NA,NA,NA,NA,NA,NA
10620_10_19_21_29_31_B,10620_10_19_21_29_31,B,14,Inter-Mountain Basins Curl-leaf Mountain Mahogany Woodland and Shrubland,NA,NA,NA,NA,NA,NA,NA
10620_10_19_21_29_31_C,10620_10_19_21_29_31,C,12,Inter-Mountain Basins Curl-leaf Mountain Mahogany Woodland and Shrubland,NA,NA,NA,NA,NA,NA,NA
10620_10_19_21_29_31_D,10620_10_19_21_29_31,D,21,Inter-Mountain Basins Curl-leaf Mountain Mahogany Woodland and Shrubland,NA,NA,NA,NA,NA,NA,NA
10620_10_19_21_29_31_E,10620_10_19_21_29_31,E,45,Inter-Mountain Basins Curl-leaf Mountain Mahogany Woodland and Shrubland,NA,NA,NA,NA,NA,NA,NA
10620_10_19_21_29_31_Agriculture,10620_10_19_21_29_31,Agriculture,0,Inter-Mountain Basins Curl-leaf Mountain Mahogany Woodland and Shrubland,NA,NA,NA,NA,NA,NA,NA
10620_10_19_21_29_31_Developed,10620_10_19_21_29_31,Developed,0,Inter-Mountain Basins Curl-leaf Mountain Mahogany Woodland and Shrubland,1258,120,39,10620,29,39,100
10620_10_19_21_29_31_Water,10620_10_19_21_29_31,Water,0,Inter-Mountain Basins Curl-leaf Mountain Mahogany Woodland and Shrubland,NA,NA,NA,NA,NA,NA,NA
10620_10_19_21_29_31_UN,10620_10_19_21_29_31,UN,0,Inter-Mountain Basins Curl-leaf Mountain Mahogany Woodland and Shrubland,NA,NA,NA,NA,NA,NA,NA
10620_10_19_21_29_31_UE,10620_10_19_21_29_31,UE,0,Inter-Mountain Basins Curl-leaf Mountain Mahogany Woodland and Shrubland,NA,NA,NA,NA,NA,NA,NA
10720_22_29_A,10720_22_29,A,32,Wyoming Basins Dwarf Sagebrush Shrubland and Steppe,NA,NA,NA,NA,NA,NA,NA
10720_22_29_B,10720_22_29,B,68,Wyoming Basins Dwarf Sagebrush Shrubland and Steppe,NA,NA,NA,NA,NA,NA,NA
10720_22_29_C,10720_22_29,C,NA,Wyoming Basins Dwarf Sagebrush Shrubland and Steppe,NA,NA,NA,NA,NA,NA,NA
10720_22_29_D,10720_22_29,D,NA,Wyoming Basins Dwarf Sagebrush Shrubland and Steppe,NA,NA,NA,NA,NA,NA,NA
10720_22_29_E,10720_22_29,E,NA,Wyoming Basins Dwarf Sagebrush Shrubland and Steppe,NA,NA,NA,NA,NA,NA,NA
10720_22_29_Agriculture,10720_22_29,Agriculture,0,Wyoming Basins Dwarf Sagebrush Shrubland and Steppe,NA,NA,NA,NA,NA,NA,NA
10720_22_29_Developed,10720_22_29,Developed,0,Wyoming Basins Dwarf Sagebrush Shrubland and Steppe,1260,120,1,10720,29,1,100
10720_22_29_Water,10720_22_29,Water,0,Wyoming Basins Dwarf Sagebrush Shrubland and Steppe,NA,NA,NA,NA,NA,NA,NA
10720_22_29_UN,10720_22_29,UN,0,Wyoming Basins Dwarf Sagebrush Shrubland and Steppe,NA,NA,NA,NA,NA,NA,NA
10720_22_29_UE,10720_22_29,UE,0,Wyoming Basins Dwarf Sagebrush Shrubland and Steppe,NA,NA,NA,NA,NA,NA,NA
10850_29_30_A,10850_29_30,A,53,Northwestern Great Plains Shrubland,1261,1,7214,10850,29,26385,27
10850_29_30_B,10850_29_30,B,29,Northwestern Great Plains Shrubland,1261,2,4,10850,29,26385,0
10850_29_30_C,10850_29_30,C,18,Northwestern Great Plains Shrubland,1261,3,12539,10850,29,26385,47
10850_29_30_D,10850_29_30,D,NA,Northwestern Great Plains Shrubland,NA,NA,NA,NA,NA,NA,NA
10850_29_30_E,10850_29_30,E,NA,Northwestern Great Plains Shrubland,NA,NA,NA,NA,NA,NA,NA
10850_29_30_Agriculture,10850_29_30,Agriculture,0,Northwestern Great Plains Shrubland,1261,180,3473,10850,29,26385,13
10850_29_30_Developed,10850_29_30,Developed,0,Northwestern Great Plains Shrubland,1261,120,88,10850,29,26385,0
10850_29_30_Water,10850_29_30,Water,0,Northwestern Great Plains Shrubland,NA,NA,NA,NA,NA,NA,NA
10850_29_30_UN,10850_29_30,UN,0,Northwestern Great Plains Shrubland,1261,6,313,10850,29,26385,1
10850_29_30_UE,10850_29_30,UE,0,Northwestern Great Plains Shrubland,1261,7,2754,10850,29,26385,10
10860_29_A,10860_29,A,5,Rocky Mountain Lower Montane-Foothill Shrubland,1262,1,1211,10860,29,281412,0
10860_29_B,10860_29,B,9,Rocky Mountain Lower Montane-Foothill Shrubland,1262,2,246,10860,29,281412,0
10860_29_C,10860_29,C,86,Rocky Mountain Lower Montane-Foothill Shrubland,1262,3,22297,10860,29,281412,7
10860_29_D,10860_29,D,NA,Rocky Mountain Lower Montane-Foothill Shrubland,NA,NA,NA,NA,NA,NA,NA
10860_29_E,10860_29,E,NA,Rocky Mountain Lower Montane-Foothill Shrubland,NA,NA,NA,NA,NA,NA,NA
10860_29_Agriculture,10860_29,Agriculture,0,Rocky Mountain Lower Montane-Foothill Shrubland,1262,180,9183,10860,29,281412,3
10860_29_Developed,10860_29,Developed,0,Rocky Mountain Lower Montane-Foothill Shrubland,1262,120,18346,10860,29,281412,6
10860_29_Water,10860_29,Water,0,Rocky Mountain Lower Montane-Foothill Shrubland,NA,NA,NA,NA,NA,NA,NA
10860_29_UN,10860_29,UN,0,Rocky Mountain Lower Montane-Foothill Shrubland,1262,6,205153,10860,29,281412,72
10860_29_UE,10860_29,UE,0,Rocky Mountain Lower Montane-Foothill Shrubland,1262,7,24976,10860,29,281412,8
10940_31_38_A,10940_31_38,A,5,Western Great Plains Sandhill Steppe,1679,1,1,10940,31,3562,0
10940_31_38_B,10940_31_38,B,38,Western Great Plains Sandhill Steppe,1679,2,2037,10940,31,3562,57
10940_31_38_C,10940_31_38,C,57,Western Great Plains Sandhill Steppe,1679,3,26,10940,31,3562,0
10940_31_38_D,10940_31_38,D,NA,Western Great Plains Sandhill Steppe,NA,NA,NA,NA,NA,NA,NA
10940_31_38_E,10940_31_38,E,NA,Western Great Plains Sandhill Steppe,NA,NA,NA,NA,NA,NA,NA
10940_31_38_Agriculture,10940_31_38,Agriculture,0,Western Great Plains Sandhill Steppe,1679,180,90,10940,31,3562,2
10940_31_38_Developed,10940_31_38,Developed,0,Western Great Plains Sandhill Steppe,1679,120,747,10940,31,3562,20
10940_31_38_Water,10940_31_38,Water,0,Western Great Plains Sandhill Steppe,NA,NA,NA,NA,NA,NA,NA
10940_31_38_UN,10940_31_38,UN,0,Western Great Plains Sandhill Steppe,1679,6,594,10940,31,3562,16
10940_31_38_UE,10940_31_38,UE,0,Western Great Plains Sandhill Steppe,1679,7,67,10940,31,3562,1
11060_20_21_29_A,11060_20_21_29,A,11,Northern Rocky Mountain Montane-Foothill Deciduous Shrubland,1263,1,2082,11060,29,18262,11
11060_20_21_29_B,11060_20_21_29,B,47,Northern Rocky Mountain Montane-Foothill Deciduous Shrubland,1263,2,1742,11060,29,18262,9
11060_20_21_29_C,11060_20_21_29,C,42,Northern Rocky Mountain Montane-Foothill Deciduous Shrubland,1263,3,278,11060,29,18262,1
11060_20_21_29_D,11060_20_21_29,D,NA,Northern Rocky Mountain Montane-Foothill Deciduous Shrubland,NA,NA,NA,NA,NA,NA,NA
11060_20_21_29_E,11060_20_21_29,E,NA,Northern Rocky Mountain Montane-Foothill Deciduous Shrubland,NA,NA,NA,NA,NA,NA,NA
11060_20_21_29_Agriculture,11060_20_21_29,Agriculture,0,Northern Rocky Mountain Montane-Foothill Deciduous Shrubland,1263,180,104,11060,29,18262,0
11060_20_21_29_Developed,11060_20_21_29,Developed,0,Northern Rocky Mountain Montane-Foothill Deciduous Shrubland,1263,120,1829,11060,29,18262,10
11060_20_21_29_Water,11060_20_21_29,Water,0,Northern Rocky Mountain Montane-Foothill Deciduous Shrubland,NA,NA,NA,NA,NA,NA,NA
11060_20_21_29_UN,11060_20_21_29,UN,0,Northern Rocky Mountain Montane-Foothill Deciduous Shrubland,1263,6,9486,11060,29,18262,51
11060_20_21_29_UE,11060_20_21_29,UE,0,Northern Rocky Mountain Montane-Foothill Deciduous Shrubland,1263,7,2741,11060,29,18262,15
11170_29_A,11170_29,A,5,Southern Rocky Mountain Ponderosa Pine Savanna,1264,1,23,11170,29,313,7
11170_29_B,11170_29,B,2,Southern Rocky Mountain Ponderosa Pine Savanna,NA,NA,NA,NA,NA,NA,NA
11170_29_C,11170_29,C,8,Southern Rocky Mountain Ponderosa Pine Savanna,1264,3,11,11170,29,313,3
11170_29_D,11170_29,D,80,Southern Rocky Mountain Ponderosa Pine Savanna,1264,4,101,11170,29,313,32
11170_29_E,11170_29,E,5,Southern Rocky Mountain Ponderosa Pine Savanna,1264,5,13,11170,29,313,4
11170_29_Agriculture,11170_29,Agriculture,0,Southern Rocky Mountain Ponderosa Pine Savanna,1264,180,17,11170,29,313,5
11170_29_Developed,11170_29,Developed,0,Southern Rocky Mountain Ponderosa Pine Savanna,1264,120,13,11170,29,313,4
11170_29_Water,11170_29,Water,0,Southern Rocky Mountain Ponderosa Pine Savanna,NA,NA,NA,NA,NA,NA,NA
11170_29_UN,11170_29,UN,0,Southern Rocky Mountain Ponderosa Pine Savanna,1264,6,114,11170,29,313,36
11170_29_UE,11170_29,UE,0,Southern Rocky Mountain Ponderosa Pine Savanna,1264,7,21,11170,29,313,6
11250_20_29_30_31_33_A,11250_20_29_30_31_33,A,35,Inter-Mountain Basins Big Sagebrush Steppe,1265,1,151883,11250,29,289595,52
11250_20_29_30_31_33_A,11250_20_29_30_31_33,A,35,Inter-Mountain Basins Big Sagebrush Steppe,1677,1,1178,11250,31,3065,38
11250_20_29_30_31_33_B,11250_20_29_30_31_33,B,39,Inter-Mountain Basins Big Sagebrush Steppe,1265,2,612,11250,29,289595,0
11250_20_29_30_31_33_B,11250_20_29_30_31_33,B,39,Inter-Mountain Basins Big Sagebrush Steppe,1677,2,1,11250,31,3065,0
11250_20_29_30_31_33_C,11250_20_29_30_31_33,C,26,Inter-Mountain Basins Big Sagebrush Steppe,1265,3,88984,11250,29,289595,30
11250_20_29_30_31_33_C,11250_20_29_30_31_33,C,26,Inter-Mountain Basins Big Sagebrush Steppe,1677,3,85,11250,31,3065,2
11250_20_29_30_31_33_D,11250_20_29_30_31_33,D,NA,Inter-Mountain Basins Big Sagebrush Steppe,NA,NA,NA,NA,NA,NA,NA
11250_20_29_30_31_33_E,11250_20_29_30_31_33,E,NA,Inter-Mountain Basins Big Sagebrush Steppe,NA,NA,NA,NA,NA,NA,NA
11250_20_29_30_31_33_Agriculture,11250_20_29_30_31_33,Agriculture,0,Inter-Mountain Basins Big Sagebrush Steppe,1265,180,19693,11250,29,289595,6
11250_20_29_30_31_33_Agriculture,11250_20_29_30_31_33,Agriculture,0,Inter-Mountain Basins Big Sagebrush Steppe,1677,180,74,11250,31,3065,2
11250_20_29_30_31_33_Developed,11250_20_29_30_31_33,Developed,0,Inter-Mountain Basins Big Sagebrush Steppe,1265,120,3067,11250,29,289595,1
11250_20_29_30_31_33_Developed,11250_20_29_30_31_33,Developed,0,Inter-Mountain Basins Big Sagebrush Steppe,1677,120,349,11250,31,3065,11
11250_20_29_30_31_33_Water,11250_20_29_30_31_33,Water,0,Inter-Mountain Basins Big Sagebrush Steppe,NA,NA,NA,NA,NA,NA,NA
11250_20_29_30_31_33_UN,11250_20_29_30_31_33,UN,0,Inter-Mountain Basins Big Sagebrush Steppe,1265,6,20917,11250,29,289595,7
11250_20_29_30_31_33_UN,11250_20_29_30_31_33,UN,0,Inter-Mountain Basins Big Sagebrush Steppe,1677,6,1368,11250,31,3065,44
11250_20_29_30_31_33_UE,11250_20_29_30_31_33,UE,0,Inter-Mountain Basins Big Sagebrush Steppe,1265,7,4439,11250,29,289595,1
11250_20_29_30_31_33_UE,11250_20_29_30_31_33,UE,0,Inter-Mountain Basins Big Sagebrush Steppe,1677,7,10,11250,31,3065,0
11260_20_29_33_A,11260_20_29_33,A,23,Inter-Mountain Basins Montane Sagebrush Steppe,1266,1,327,11260,29,513,63
11260_20_29_33_B,11260_20_29_33,B,51,Inter-Mountain Basins Montane Sagebrush Steppe,1266,2,7,11260,29,513,1
11260_20_29_33_C,11260_20_29_33,C,26,Inter-Mountain Basins Montane Sagebrush Steppe,1266,3,123,11260,29,513,23
11260_20_29_33_D,11260_20_29_33,D,NA,Inter-Mountain Basins Montane Sagebrush Steppe,NA,NA,NA,NA,NA,NA,NA
11260_20_29_33_E,11260_20_29_33,E,NA,Inter-Mountain Basins Montane Sagebrush Steppe,NA,NA,NA,NA,NA,NA,NA
11260_20_29_33_Agriculture,11260_20_29_33,Agriculture,0,Inter-Mountain Basins Montane Sagebrush Steppe,NA,NA,NA,NA,NA,NA,NA
11260_20_29_33_Developed,11260_20_29_33,Developed,0,Inter-Mountain Basins Montane Sagebrush Steppe,1266,120,13,11260,29,513,2
11260_20_29_33_Water,11260_20_29_33,Water,0,Inter-Mountain Basins Montane Sagebrush Steppe,NA,NA,NA,NA,NA,NA,NA
11260_20_29_33_UN,11260_20_29_33,UN,0,Inter-Mountain Basins Montane Sagebrush Steppe,1266,6,36,11260,29,513,7
11260_20_29_33_UE,11260_20_29_33,UE,0,Inter-Mountain Basins Montane Sagebrush Steppe,1266,7,7,11260,29,513,1
11320_31_38_A,11320_31_38,A,30,Central Mixedgrass Prairie,1681,1,11249,11320,31,490804,2
11320_31_38_B,11320_31_38,B,67,Central Mixedgrass Prairie,1681,2,378788,11320,31,490804,77
11320_31_38_C,11320_31_38,C,3,Central Mixedgrass Prairie,1681,3,604,11320,31,490804,0
11320_31_38_D,11320_31_38,D,NA,Central Mixedgrass Prairie,NA,NA,NA,NA,NA,NA,NA
11320_31_38_E,11320_31_38,E,NA,Central Mixedgrass Prairie,NA,NA,NA,NA,NA,NA,NA
11320_31_38_Agriculture,11320_31_38,Agriculture,0,Central Mixedgrass Prairie,1681,180,51389,11320,31,490804,10
11320_31_38_Developed,11320_31_38,Developed,0,Central Mixedgrass Prairie,1681,120,13686,11320,31,490804,2
11320_31_38_Water,11320_31_38,Water,0,Central Mixedgrass Prairie,NA,NA,NA,NA,NA,NA,NA
11320_31_38_UN,11320_31_38,UN,0,Central Mixedgrass Prairie,1681,6,4254,11320,31,490804,0
11320_31_38_UE,11320_31_38,UE,0,Central Mixedgrass Prairie,1681,7,30657,11320,31,490804,6
11390_29_A,11390_29,A,8,Northern Rocky Mountain Lower Montane-Foothill-Valley Grassland,1267,1,239,11390,29,321786,0
11390_29_B,11390_29,B,92,Northern Rocky Mountain Lower Montane-Foothill-Valley Grassland,1267,2,59138,11390,29,321786,18
11390_29_C,11390_29,C,NA,Northern Rocky Mountain Lower Montane-Foothill-Valley Grassland,NA,NA,NA,NA,NA,NA,NA
11390_29_D,11390_29,D,NA,Northern Rocky Mountain Lower Montane-Foothill-Valley Grassland,NA,NA,NA,NA,NA,NA,NA
11390_29_E,11390_29,E,NA,Northern Rocky Mountain Lower Montane-Foothill-Valley Grassland,NA,NA,NA,NA,NA,NA,NA
11390_29_Agriculture,11390_29,Agriculture,0,Northern Rocky Mountain Lower Montane-Foothill-Valley Grassland,1267,180,64864,11390,29,321786,20
11390_29_Developed,11390_29,Developed,0,Northern Rocky Mountain Lower Montane-Foothill-Valley Grassland,1267,120,8183,11390,29,321786,2
11390_29_Water,11390_29,Water,0,Northern Rocky Mountain Lower Montane-Foothill-Valley Grassland,NA,NA,NA,NA,NA,NA,NA
11390_29_UN,11390_29,UN,0,Northern Rocky Mountain Lower Montane-Foothill-Valley Grassland,1267,6,119964,11390,29,321786,37
11390_29_UE,11390_29,UE,0,Northern Rocky Mountain Lower Montane-Foothill-Valley Grassland,1267,7,69398,11390,29,321786,21
11400_29_A,11400_29,A,5,Northern Rocky Mountain Subalpine-Upper Montane Grassland,1268,1,32,11400,29,4509,0
11400_29_B,11400_29,B,95,Northern Rocky Mountain Subalpine-Upper Montane Grassland,1268,2,653,11400,29,4509,14
11400_29_C,11400_29,C,NA,Northern Rocky Mountain Subalpine-Upper Montane Grassland,NA,NA,NA,NA,NA,NA,NA
11400_29_D,11400_29,D,NA,Northern Rocky Mountain Subalpine-Upper Montane Grassland,NA,NA,NA,NA,NA,NA,NA
11400_29_E,11400_29,E,NA,Northern Rocky Mountain Subalpine-Upper Montane Grassland,NA,NA,NA,NA,NA,NA,NA
11400_29_Agriculture,11400_29,Agriculture,0,Northern Rocky Mountain Subalpine-Upper Montane Grassland,1268,180,40,11400,29,4509,0
11400_29_Developed,11400_29,Developed,0,Northern Rocky Mountain Subalpine-Upper Montane Grassland,1268,120,2088,11400,29,4509,46
11400_29_Water,11400_29,Water,0,Northern Rocky Mountain Subalpine-Upper Montane Grassland,NA,NA,NA,NA,NA,NA,NA
11400_29_UN,11400_29,UN,0,Northern Rocky Mountain Subalpine-Upper Montane Grassland,1268,6,1577,11400,29,4509,34
11400_29_UE,11400_29,UE,0,Northern Rocky Mountain Subalpine-Upper Montane Grassland,1268,7,119,11400,29,4509,2
11410_29_30_A,11410_29_30,A,26,Northwestern Great Plains Mixedgrass Prairie,1269,1,312555,11410,29,6288816,4
11410_29_30_B,11410_29_30,B,74,Northwestern Great Plains Mixedgrass Prairie,1269,2,3185063,11410,29,6288816,50
11410_29_30_C,11410_29_30,C,NA,Northwestern Great Plains Mixedgrass Prairie,NA,NA,NA,NA,NA,NA,NA
11410_29_30_D,11410_29_30,D,NA,Northwestern Great Plains Mixedgrass Prairie,NA,NA,NA,NA,NA,NA,NA
11410_29_30_E,11410_29_30,E,NA,Northwestern Great Plains Mixedgrass Prairie,NA,NA,NA,NA,NA,NA,NA
11410_29_30_Agriculture,11410_29_30,Agriculture,0,Northwestern Great Plains Mixedgrass Prairie,1269,180,1059732,11410,29,6288816,16
11410_29_30_Developed,11410_29_30,Developed,0,Northwestern Great Plains Mixedgrass Prairie,1269,120,259060,11410,29,6288816,4
11410_29_30_Water,11410_29_30,Water,0,Northwestern Great Plains Mixedgrass Prairie,NA,NA,NA,NA,NA,NA,NA
11410_29_30_UN,11410_29_30,UN,0,Northwestern Great Plains Mixedgrass Prairie,1269,6,1169329,11410,29,6288816,18
11410_29_30_UE,11410_29_30,UE,0,Northwestern Great Plains Mixedgrass Prairie,1269,7,298420,11410,29,6288816,4
11410_31_A,11410_31,A,25,Northwestern Great Plains Mixedgrass Prairie,1682,1,29073,11410,31,1217683,2
11410_31_B,11410_31,B,69,Northwestern Great Plains Mixedgrass Prairie,1682,2,892521,11410,31,1217683,73
11410_31_C,11410_31,C,6,Northwestern Great Plains Mixedgrass Prairie,1682,3,12415,11410,31,1217683,1
11410_31_D,11410_31,D,NA,Northwestern Great Plains Mixedgrass Prairie,NA,NA,NA,NA,NA,NA,NA
11410_31_E,11410_31,E,NA,Northwestern Great Plains Mixedgrass Prairie,NA,NA,NA,NA,NA,NA,NA
11410_31_Agriculture,11410_31,Agriculture,0,Northwestern Great Plains Mixedgrass Prairie,1682,180,139781,11410,31,1217683,11
11410_31_Developed,11410_31,Developed,0,Northwestern Great Plains Mixedgrass Prairie,1682,120,32895,11410,31,1217683,2
11410_31_Water,11410_31,Water,0,Northwestern Great Plains Mixedgrass Prairie,NA,NA,NA,NA,NA,NA,NA
11410_31_UN,11410_31,UN,0,Northwestern Great Plains Mixedgrass Prairie,1682,6,52343,11410,31,1217683,4
11410_31_UE,11410_31,UE,0,Northwestern Great Plains Mixedgrass Prairie,1682,7,58404,11410,31,1217683,4
11450_29_A,11450_29,A,2,Rocky Mountain Subalpine-Montane Mesic Meadow,1270,1,10839,11450,29,23834,45
11450_29_B,11450_29,B,98,Rocky Mountain Subalpine-Montane Mesic Meadow,1270,2,131,11450,29,23834,0
11450_29_C,11450_29,C,NA,Rocky Mountain Subalpine-Montane Mesic Meadow,NA,NA,NA,NA,NA,NA,NA
11450_29_D,11450_29,D,NA,Rocky Mountain Subalpine-Montane Mesic Meadow,NA,NA,NA,NA,NA,NA,NA
11450_29_E,11450_29,E,NA,Rocky Mountain Subalpine-Montane Mesic Meadow,NA,NA,NA,NA,NA,NA,NA
11450_29_Agriculture,11450_29,Agriculture,0,Rocky Mountain Subalpine-Montane Mesic Meadow,1270,180,1729,11450,29,23834,7
11450_29_Developed,11450_29,Developed,0,Rocky Mountain Subalpine-Montane Mesic Meadow,1270,120,4546,11450,29,23834,19
11450_29_Water,11450_29,Water,0,Rocky Mountain Subalpine-Montane Mesic Meadow,NA,NA,NA,NA,NA,NA,NA
11450_29_UN,11450_29,UN,0,Rocky Mountain Subalpine-Montane Mesic Meadow,1270,6,5120,11450,29,23834,21
11450_29_UE,11450_29,UE,0,Rocky Mountain Subalpine-Montane Mesic Meadow,1270,7,1469,11450,29,23834,6
11480_20_29_30_A,11480_20_29_30,A,18,Western Great Plains Sand Prairie,1271,1,2783,11480,29,48949,5
11480_20_29_30_B,11480_20_29_30,B,82,Western Great Plains Sand Prairie,1271,2,30486,11480,29,48949,62
11480_20_29_30_C,11480_20_29_30,C,NA,Western Great Plains Sand Prairie,NA,NA,NA,NA,NA,NA,NA
11480_20_29_30_D,11480_20_29_30,D,NA,Western Great Plains Sand Prairie,NA,NA,NA,NA,NA,NA,NA
11480_20_29_30_E,11480_20_29_30,E,NA,Western Great Plains Sand Prairie,NA,NA,NA,NA,NA,NA,NA
11480_20_29_30_Agriculture,11480_20_29_30,Agriculture,0,Western Great Plains Sand Prairie,1271,180,8082,11480,29,48949,16
11480_20_29_30_Developed,11480_20_29_30,Developed,0,Western Great Plains Sand Prairie,1271,120,1544,11480,29,48949,3
11480_20_29_30_Water,11480_20_29_30,Water,0,Western Great Plains Sand Prairie,NA,NA,NA,NA,NA,NA,NA
11480_20_29_30_UN,11480_20_29_30,UN,0,Western Great Plains Sand Prairie,1271,6,4317,11480,29,48949,8
11480_20_29_30_UE,11480_20_29_30,UE,0,Western Great Plains Sand Prairie,1271,7,1708,11480,29,48949,3
11480_31_38_A,11480_31_38,A,2,Western Great Plains Sand Prairie,1683,1,331,11480,31,2206441,0
11480_31_38_B,11480_31_38,B,77,Western Great Plains Sand Prairie,1683,2,1724255,11480,31,2206441,78
11480_31_38_C,11480_31_38,C,21,Western Great Plains Sand Prairie,1683,3,29653,11480,31,2206441,1
11480_31_38_D,11480_31_38,D,NA,Western Great Plains Sand Prairie,NA,NA,NA,NA,NA,NA,NA
11480_31_38_E,11480_31_38,E,NA,Western Great Plains Sand Prairie,NA,NA,NA,NA,NA,NA,NA
11480_31_38_Agriculture,11480_31_38,Agriculture,0,Western Great Plains Sand Prairie,1683,180,139544,11480,31,2206441,6
11480_31_38_Developed,11480_31_38,Developed,0,Western Great Plains Sand Prairie,1683,120,30763,11480,31,2206441,1
11480_31_38_Water,11480_31_38,Water,0,Western Great Plains Sand Prairie,NA,NA,NA,NA,NA,NA,NA
11480_31_38_UN,11480_31_38,UN,0,Western Great Plains Sand Prairie,1683,6,194337,11480,31,2206441,8
11480_31_38_UE,11480_31_38,UE,0,Western Great Plains Sand Prairie,1683,7,87512,11480,31,2206441,3
11490_29_A,11490_29,A,16,Western Great Plains Shortgrass Prairie,1272,1,167,11490,29,10550,1
11490_29_B,11490_29,B,62,Western Great Plains Shortgrass Prairie,1272,2,7861,11490,29,10550,74
11490_29_C,11490_29,C,22,Western Great Plains Shortgrass Prairie,1272,3,59,11490,29,10550,0
11490_29_D,11490_29,D,NA,Western Great Plains Shortgrass Prairie,NA,NA,NA,NA,NA,NA,NA
11490_29_E,11490_29,E,NA,Western Great Plains Shortgrass Prairie,NA,NA,NA,NA,NA,NA,NA
11490_29_Agriculture,11490_29,Agriculture,0,Western Great Plains Shortgrass Prairie,1272,180,183,11490,29,10550,1
11490_29_Developed,11490_29,Developed,0,Western Great Plains Shortgrass Prairie,1272,120,30,11490,29,10550,0
11490_29_Water,11490_29,Water,0,Western Great Plains Shortgrass Prairie,NA,NA,NA,NA,NA,NA,NA
11490_29_UN,11490_29,UN,0,Western Great Plains Shortgrass Prairie,1272,6,2177,11490,29,10550,20
11490_29_UE,11490_29,UE,0,Western Great Plains Shortgrass Prairie,1272,7,73,11490,29,10550,0
11490_31_33_A,11490_31_33,A,16,Western Great Plains Shortgrass Prairie,1684,1,262,11490,31,410261,0
11490_31_33_B,11490_31_33,B,62,Western Great Plains Shortgrass Prairie,1684,2,328472,11490,31,410261,80
11490_31_33_C,11490_31_33,C,22,Western Great Plains Shortgrass Prairie,1684,3,331,11490,31,410261,0
11490_31_33_D,11490_31_33,D,NA,Western Great Plains Shortgrass Prairie,NA,NA,NA,NA,NA,NA,NA
11490_31_33_E,11490_31_33,E,NA,Western Great Plains Shortgrass Prairie,NA,NA,NA,NA,NA,NA,NA
11490_31_33_Agriculture,11490_31_33,Agriculture,0,Western Great Plains Shortgrass Prairie,1684,180,17779,11490,31,410261,4
11490_31_33_Developed,11490_31_33,Developed,0,Western Great Plains Shortgrass Prairie,1684,120,9029,11490,31,410261,2
11490_31_33_Water,11490_31_33,Water,0,Western Great Plains Shortgrass Prairie,NA,NA,NA,NA,NA,NA,NA
11490_31_33_UN,11490_31_33,UN,0,Western Great Plains Shortgrass Prairie,1684,6,48439,11490,31,410261,11
11490_31_33_UE,11490_31_33,UE,0,Western Great Plains Shortgrass Prairie,1684,7,5926,11490,31,410261,1
11500_31_39_40_A,11500_31_39_40,A,39,Western Great Plains Tallgrass Prairie,1685,1,2623,11500,31,13751,19
11500_31_39_40_B,11500_31_39_40,B,53,Western Great Plains Tallgrass Prairie,1685,2,5710,11500,31,13751,41
11500_31_39_40_C,11500_31_39_40,C,8,Western Great Plains Tallgrass Prairie,1685,3,2,11500,31,13751,0
11500_31_39_40_D,11500_31_39_40,D,NA,Western Great Plains Tallgrass Prairie,NA,NA,NA,NA,NA,NA,NA
11500_31_39_40_E,11500_31_39_40,E,NA,Western Great Plains Tallgrass Prairie,NA,NA,NA,NA,NA,NA,NA
11500_31_39_40_Agriculture,11500_31_39_40,Agriculture,0,Western Great Plains Tallgrass Prairie,1685,180,1241,11500,31,13751,9
11500_31_39_40_Developed,11500_31_39_40,Developed,0,Western Great Plains Tallgrass Prairie,1685,120,357,11500,31,13751,2
11500_31_39_40_Water,11500_31_39_40,Water,0,Western Great Plains Tallgrass Prairie,NA,NA,NA,NA,NA,NA,NA
11500_31_39_40_UN,11500_31_39_40,UN,0,Western Great Plains Tallgrass Prairie,1685,6,8,11500,31,13751,0
11500_31_39_40_UE,11500_31_39_40,UE,0,Western Great Plains Tallgrass Prairie,1685,7,3810,11500,31,13751,27
11530_20_22_29_30_A,11530_20_22_29_30,A,3,Inter-Mountain Basins Greasewood Flat,1273,1,46,11530,29,7583,0
11530_20_22_29_30_B,11530_20_22_29_30,B,97,Inter-Mountain Basins Greasewood Flat,1273,2,19,11530,29,7583,0
11530_20_22_29_30_C,11530_20_22_29_30,C,NA,Inter-Mountain Basins Greasewood Flat,NA,NA,NA,NA,NA,NA,NA
11530_20_22_29_30_D,11530_20_22_29_30,D,NA,Inter-Mountain Basins Greasewood Flat,NA,NA,NA,NA,NA,NA,NA
11530_20_22_29_30_E,11530_20_22_29_30,E,NA,Inter-Mountain Basins Greasewood Flat,NA,NA,NA,NA,NA,NA,NA
11530_20_22_29_30_Agriculture,11530_20_22_29_30,Agriculture,0,Inter-Mountain Basins Greasewood Flat,1273,180,29,11530,29,7583,0
11530_20_22_29_30_Developed,11530_20_22_29_30,Developed,0,Inter-Mountain Basins Greasewood Flat,1273,120,7482,11530,29,7583,98
11530_20_22_29_30_Water,11530_20_22_29_30,Water,0,Inter-Mountain Basins Greasewood Flat,NA,NA,NA,NA,NA,NA,NA
11530_20_22_29_30_UN,11530_20_22_29_30,UN,0,Inter-Mountain Basins Greasewood Flat,NA,NA,NA,NA,NA,NA,NA
11530_20_22_29_30_UE,11530_20_22_29_30,UE,0,Inter-Mountain Basins Greasewood Flat,1273,7,7,11530,29,7583,0
11590_29_A,11590_29,A,15,Rocky Mountain Montane Riparian Systems,1274,1,15577,11590,29,136805,11
11590_29_B,11590_29,B,58,Rocky Mountain Montane Riparian Systems,1274,2,23,11590,29,136805,0
11590_29_C,11590_29,C,27,Rocky Mountain Montane Riparian Systems,1274,3,69905,11590,29,136805,51
11590_29_D,11590_29,D,NA,Rocky Mountain Montane Riparian Systems,NA,NA,NA,NA,NA,NA,NA
11590_29_E,11590_29,E,NA,Rocky Mountain Montane Riparian Systems,NA,NA,NA,NA,NA,NA,NA
11590_29_Agriculture,11590_29,Agriculture,0,Rocky Mountain Montane Riparian Systems,1274,180,16922,11590,29,136805,12
11590_29_Developed,11590_29,Developed,0,Rocky Mountain Montane Riparian Systems,1274,120,1221,11590,29,136805,0
11590_29_Water,11590_29,Water,0,Rocky Mountain Montane Riparian Systems,NA,NA,NA,NA,NA,NA,NA
11590_29_UN,11590_29,UN,0,Rocky Mountain Montane Riparian Systems,1274,6,28653,11590,29,136805,20
11590_29_UE,11590_29,UE,0,Rocky Mountain Montane Riparian Systems,1274,7,4504,11590,29,136805,3
11620_29_30_A,11620_29_30,A,15,Western Great Plains Floodplain Systems,1276,1,653,11620,29,272073,0
11620_29_30_B,11620_29_30,B,27,Western Great Plains Floodplain Systems,1276,2,70209,11620,29,272073,25
11620_29_30_C,11620_29_30,C,25,Western Great Plains Floodplain Systems,1276,3,0,11620,29,272073,0
11620_29_30_D,11620_29_30,D,6,Western Great Plains Floodplain Systems,1276,4,0,11620,29,272073,0
11620_29_30_E,11620_29_30,E,27,Western Great Plains Floodplain Systems,1276,5,32132,11620,29,272073,11
11620_29_30_Agriculture,11620_29_30,Agriculture,0,Western Great Plains Floodplain Systems,1276,180,47485,11620,29,272073,17
11620_29_30_Developed,11620_29_30,Developed,0,Western Great Plains Floodplain Systems,1276,120,17725,11620,29,272073,6
11620_29_30_Water,11620_29_30,Water,0,Western Great Plains Floodplain Systems,NA,NA,NA,NA,NA,NA,NA
11620_29_30_UN,11620_29_30,UN,0,Western Great Plains Floodplain Systems,1276,6,93261,11620,29,272073,34
11620_29_30_UE,11620_29_30,UE,0,Western Great Plains Floodplain Systems,1276,7,10607,11620,29,272073,3
11620_31_39_40_A,11620_31_39_40,A,14,Western Great Plains Floodplain Systems,1686,1,306539,11620,31,440744,69
11620_31_39_40_B,11620_31_39_40,B,28,Western Great Plains Floodplain Systems,1686,2,55570,11620,31,440744,12
11620_31_39_40_C,11620_31_39_40,C,36,Western Great Plains Floodplain Systems,1686,3,0,11620,31,440744,0
11620_31_39_40_D,11620_31_39_40,D,11,Western Great Plains Floodplain Systems,1686,4,0,11620,31,440744,0
11620_31_39_40_E,11620_31_39_40,E,11,Western Great Plains Floodplain Systems,1686,5,98,11620,31,440744,0
11620_31_39_40_Agriculture,11620_31_39_40,Agriculture,0,Western Great Plains Floodplain Systems,1686,180,38989,11620,31,440744,8
11620_31_39_40_Developed,11620_31_39_40,Developed,0,Western Great Plains Floodplain Systems,1686,120,12898,11620,31,440744,2
11620_31_39_40_Water,11620_31_39_40,Water,0,Western Great Plains Floodplain Systems,NA,NA,NA,NA,NA,NA,NA
11620_31_39_40_UN,11620_31_39_40,UN,0,Western Great Plains Floodplain Systems,1686,6,0,11620,31,440744,0
11620_31_39_40_UE,11620_31_39_40,UE,0,Western Great Plains Floodplain Systems,1686,7,26621,11620,31,440744,6
11660_29_A,11660_29,A,8,Middle Rocky Mountain Montane Douglas-fir Forest and Woodland,1277,1,3,11660,29,113,2
11660_29_B,11660_29,B,3,Middle Rocky Mountain Montane Douglas-fir Forest and Woodland,NA,NA,NA,NA,NA,NA,NA
11660_29_C,11660_29,C,25,Middle Rocky Mountain Montane Douglas-fir Forest and Woodland,1277,3,10,11660,29,113,8
11660_29_D,11660_29,D,54,Middle Rocky Mountain Montane Douglas-fir Forest and Woodland,1277,4,42,11660,29,113,37
11660_29_E,11660_29,E,10,Middle Rocky Mountain Montane Douglas-fir Forest and Woodland,1277,5,39,11660,29,113,34
11660_29_Agriculture,11660_29,Agriculture,0,Middle Rocky Mountain Montane Douglas-fir Forest and Woodland,NA,NA,NA,NA,NA,NA,NA
11660_29_Developed,11660_29,Developed,0,Middle Rocky Mountain Montane Douglas-fir Forest and Woodland,1277,120,17,11660,29,113,15
11660_29_Water,11660_29,Water,0,Middle Rocky Mountain Montane Douglas-fir Forest and Woodland,NA,NA,NA,NA,NA,NA,NA
11660_29_UN,11660_29,UN,0,Middle Rocky Mountain Montane Douglas-fir Forest and Woodland,NA,NA,NA,NA,NA,NA,NA
11660_29_UE,11660_29,UE,0,Middle Rocky Mountain Montane Douglas-fir Forest and Woodland,1277,7,2,11660,29,113,1
11790_31_A,11790_31,A,10,Northwestern Great Plains-Black Hills Ponderosa Pine Woodland and Savanna,1687,1,193,11790,31,1075068,0
11790_31_B,11790_31,B,79,Northwestern Great Plains-Black Hills Ponderosa Pine Woodland and Savanna,1687,2,497043,11790,31,1075068,46
11790_31_C,11790_31,C,11,Northwestern Great Plains-Black Hills Ponderosa Pine Woodland and Savanna,1687,3,48532,11790,31,1075068,4
11790_31_D,11790_31,D,NA,Northwestern Great Plains-Black Hills Ponderosa Pine Woodland and Savanna,NA,NA,NA,NA,NA,NA,NA
11790_31_E,11790_31,E,NA,Northwestern Great Plains-Black Hills Ponderosa Pine Woodland and Savanna,NA,NA,NA,NA,NA,NA,NA
11790_31_Agriculture,11790_31,Agriculture,0,Northwestern Great Plains-Black Hills Ponderosa Pine Woodland and Savanna,1687,180,36836,11790,31,1075068,3
11790_31_Developed,11790_31,Developed,0,Northwestern Great Plains-Black Hills Ponderosa Pine Woodland and Savanna,1687,120,12708,11790,31,1075068,1
11790_31_Water,11790_31,Water,0,Northwestern Great Plains-Black Hills Ponderosa Pine Woodland and Savanna,NA,NA,NA,NA,NA,NA,NA
11790_31_UN,11790_31,UN,0,Northwestern Great Plains-Black Hills Ponderosa Pine Woodland and Savanna,1687,6,442339,11790,31,1075068,41
11790_31_UE,11790_31,UE,0,Northwestern Great Plains-Black Hills Ponderosa Pine Woodland and Savanna,1687,7,37417,11790,31,1075068,3
11791_29_30_A,11791_29_30,A,6,Northwestern Great Plains-Black Hills Ponderosa Pine Woodland and Savanna - Low Elevation Woodland,1278,1,234215,11791,29,5399021,4
11791_29_30_B,11791_29_30,B,19,Northwestern Great Plains-Black Hills Ponderosa Pine Woodland and Savanna - Low Elevation Woodland,1278,2,1865,11791,29,5399021,0
11791_29_30_C,11791_29_30,C,13,Northwestern Great Plains-Black Hills Ponderosa Pine Woodland and Savanna - Low Elevation Woodland,1278,3,192223,11791,29,5399021,3
11791_29_30_D,11791_29_30,D,53,Northwestern Great Plains-Black Hills Ponderosa Pine Woodland and Savanna - Low Elevation Woodland,1278,4,3599423,11791,29,5399021,66
11791_29_30_E,11791_29_30,E,9,Northwestern Great Plains-Black Hills Ponderosa Pine Woodland and Savanna - Low Elevation Woodland,1278,5,714411,11791,29,5399021,13
11791_29_30_Agriculture,11791_29_30,Agriculture,0,Northwestern Great Plains-Black Hills Ponderosa Pine Woodland and Savanna - Low Elevation Woodland,1278,180,19179,11791,29,5399021,0
11791_29_30_Developed,11791_29_30,Developed,0,Northwestern Great Plains-Black Hills Ponderosa Pine Woodland and Savanna - Low Elevation Woodland,1278,120,30475,11791,29,5399021,0
11791_29_30_Water,11791_29_30,Water,0,Northwestern Great Plains-Black Hills Ponderosa Pine Woodland and Savanna - Low Elevation Woodland,NA,NA,NA,NA,NA,NA,NA
11791_29_30_UN,11791_29_30,UN,0,Northwestern Great Plains-Black Hills Ponderosa Pine Woodland and Savanna - Low Elevation Woodland,1278,6,420253,11791,29,5399021,7
11791_29_30_UE,11791_29_30,UE,0,Northwestern Great Plains-Black Hills Ponderosa Pine Woodland and Savanna - Low Elevation Woodland,1278,7,186977,11791,29,5399021,3
11792_29_30_A,11792_29_30,A,5,Northwestern Great Plains-Black Hills Ponderosa Pine Woodland and Savanna - Savanna,1279,1,270239,11792,29,2066647,13
11792_29_30_B,11792_29_30,B,2,Northwestern Great Plains-Black Hills Ponderosa Pine Woodland and Savanna - Savanna,1279,2,388,11792,29,2066647,0
11792_29_30_C,11792_29_30,C,8,Northwestern Great Plains-Black Hills Ponderosa Pine Woodland and Savanna - Savanna,1279,3,147034,11792,29,2066647,7
11792_29_30_D,11792_29_30,D,80,Northwestern Great Plains-Black Hills Ponderosa Pine Woodland and Savanna - Savanna,1279,4,1238822,11792,29,2066647,59
11792_29_30_E,11792_29_30,E,5,Northwestern Great Plains-Black Hills Ponderosa Pine Woodland and Savanna - Savanna,NA,NA,NA,NA,NA,NA,NA
11792_29_30_Agriculture,11792_29_30,Agriculture,0,Northwestern Great Plains-Black Hills Ponderosa Pine Woodland and Savanna - Savanna,1279,180,7739,11792,29,2066647,0
11792_29_30_Developed,11792_29_30,Developed,0,Northwestern Great Plains-Black Hills Ponderosa Pine Woodland and Savanna - Savanna,1279,120,20491,11792,29,2066647,0
11792_29_30_Water,11792_29_30,Water,0,Northwestern Great Plains-Black Hills Ponderosa Pine Woodland and Savanna - Savanna,NA,NA,NA,NA,NA,NA,NA
11792_29_30_UN,11792_29_30,UN,0,Northwestern Great Plains-Black Hills Ponderosa Pine Woodland and Savanna - Savanna,1279,6,281690,11792,29,2066647,13
11792_29_30_UE,11792_29_30,UE,0,Northwestern Great Plains-Black Hills Ponderosa Pine Woodland and Savanna - Savanna,1279,7,92625,11792,29,2066647,4
13850_29_30_A,13850_29_30,A,17,Western Great Plains Wooded Draw and Ravine,1280,1,428,13850,29,11326,3
13850_29_30_B,13850_29_30,B,15,Western Great Plains Wooded Draw and Ravine,1280,2,61,13850,29,11326,0
13850_29_30_C,13850_29_30,C,68,Western Great Plains Wooded Draw and Ravine,1280,3,4469,13850,29,11326,39
13850_29_30_D,13850_29_30,D,NA,Western Great Plains Wooded Draw and Ravine,NA,NA,NA,NA,NA,NA,NA
13850_29_30_E,13850_29_30,E,NA,Western Great Plains Wooded Draw and Ravine,NA,NA,NA,NA,NA,NA,NA
13850_29_30_Agriculture,13850_29_30,Agriculture,0,Western Great Plains Wooded Draw and Ravine,1280,180,77,13850,29,11326,0
13850_29_30_Developed,13850_29_30,Developed,0,Western Great Plains Wooded Draw and Ravine,1280,120,111,13850,29,11326,0
13850_29_30_Water,13850_29_30,Water,0,Western Great Plains Wooded Draw and Ravine,NA,NA,NA,NA,NA,NA,NA
13850_29_30_UN,13850_29_30,UN,0,Western Great Plains Wooded Draw and Ravine,1280,6,5780,13850,29,11326,51
13850_29_30_UE,13850_29_30,UE,0,Western Great Plains Wooded Draw and Ravine,1280,7,400,13850,29,11326,3
13850_31_39_40_42_A,13850_31_39_40_42,A,16,Western Great Plains Wooded Draw and Ravine,1688,1,6229,13850,31,81770,7
13850_31_39_40_42_B,13850_31_39_40_42,B,29,Western Great Plains Wooded Draw and Ravine,1688,2,55,13850,31,81770,0
13850_31_39_40_42_C,13850_31_39_40_42,C,55,Western Great Plains Wooded Draw and Ravine,1688,3,32520,13850,31,81770,39
13850_31_39_40_42_D,13850_31_39_40_42,D,NA,Western Great Plains Wooded Draw and Ravine,NA,NA,NA,NA,NA,NA,NA
13850_31_39_40_42_E,13850_31_39_40_42,E,NA,Western Great Plains Wooded Draw and Ravine,NA,NA,NA,NA,NA,NA,NA
13850_31_39_40_42_Agriculture,13850_31_39_40_42,Agriculture,0,Western Great Plains Wooded Draw and Ravine,1688,180,299,13850,31,81770,0
13850_31_39_40_42_Developed,13850_31_39_40_42,Developed,0,Western Great Plains Wooded Draw and Ravine,1688,120,779,13850,31,81770,0
13850_31_39_40_42_Water,13850_31_39_40_42,Water,0,Western Great Plains Wooded Draw and Ravine,NA,NA,NA,NA,NA,NA,NA
13850_31_39_40_42_UN,13850_31_39_40_42,UN,0,Western Great Plains Wooded Draw and Ravine,1688,6,36685,13850,31,81770,44
13850_31_39_40_42_UE,13850_31_39_40_42,UE,0,Western Great Plains Wooded Draw and Ravine,1688,7,5203,13850,31,81770,6
14210_31_38_42_43_44_50_51_A,14210_31_38_42_43_44_50_51,A,40,Central Tallgrass Prairie,1689,1,2192,14210,31,3340,65
14210_31_38_42_43_44_50_51_B,14210_31_38_42_43_44_50_51,B,58,Central Tallgrass Prairie,1689,2,168,14210,31,3340,5
14210_31_38_42_43_44_50_51_C,14210_31_38_42_43_44_50_51,C,2,Central Tallgrass Prairie,1689,3,1,14210,31,3340,0
14210_31_38_42_43_44_50_51_D,14210_31_38_42_43_44_50_51,D,NA,Central Tallgrass Prairie,NA,NA,NA,NA,NA,NA,NA
14210_31_38_42_43_44_50_51_E,14210_31_38_42_43_44_50_51,E,NA,Central Tallgrass Prairie,NA,NA,NA,NA,NA,NA,NA
14210_31_38_42_43_44_50_51_Agriculture,14210_31_38_42_43_44_50_51,Agriculture,0,Central Tallgrass Prairie,1689,180,598,14210,31,3340,17
14210_31_38_42_43_44_50_51_Developed,14210_31_38_42_43_44_50_51,Developed,0,Central Tallgrass Prairie,1689,120,61,14210,31,3340,1
14210_31_38_42_43_44_50_51_Water,14210_31_38_42_43_44_50_51,Water,0,Central Tallgrass Prairie,NA,NA,NA,NA,NA,NA,NA
14210_31_38_42_43_44_50_51_UN,14210_31_38_42_43_44_50_51,UN,0,Central Tallgrass Prairie,1689,6,71,14210,31,3340,2
14210_31_38_42_43_44_50_51_UE,14210_31_38_42_43_44_50_51,UE,0,Central Tallgrass Prairie,1689,7,249,14210,31,3340,7
14950_31_39_40_A,14950_31_39_40,A,47,Western Great Plains Depressional Wetland Systems,1691,1,47,14950,31,15178,0
14950_31_39_40_B,14950_31_39_40,B,53,Western Great Plains Depressional Wetland Systems,1691,2,1,14950,31,15178,0
14950_31_39_40_C,14950_31_39_40,C,NA,Western Great Plains Depressional Wetland Systems,NA,NA,NA,NA,NA,NA,NA
14950_31_39_40_D,14950_31_39_40,D,NA,Western Great Plains Depressional Wetland Systems,NA,NA,NA,NA,NA,NA,NA
14950_31_39_40_E,14950_31_39_40,E,NA,Western Great Plains Depressional Wetland Systems,NA,NA,NA,NA,NA,NA,NA
14950_31_39_40_Agriculture,14950_31_39_40,Agriculture,0,Western Great Plains Depressional Wetland Systems,1691,180,4806,14950,31,15178,31
14950_31_39_40_Developed,14950_31_39_40,Developed,0,Western Great Plains Depressional Wetland Systems,1691,120,405,14950,31,15178,2
14950_31_39_40_Water,14950_31_39_40,Water,0,Western Great Plains Depressional Wetland Systems,NA,NA,NA,NA,NA,NA,NA
14950_31_39_40_UN,14950_31_39_40,UN,0,Western Great Plains Depressional Wetland Systems,1691,6,9524,14950,31,15178,62
14950_31_39_40_UE,14950_31_39_40,UE,0,Western Great Plains Depressional Wetland Systems,1691,7,393,14950,31,15178,2
